-- BusYatra transport seed data
-- Service dates covered: 2026-04-05 through 2026-05-31
-- Run this after selecting your BusYatra database.

SET @seed_start_date = DATE('2026-04-05');
SET @seed_end_date = DATE('2026-05-31');

START TRANSACTION;

DROP TEMPORARY TABLE IF EXISTS seed_cities;
CREATE TEMPORARY TABLE seed_cities (
    name VARCHAR(100) PRIMARY KEY
);

INSERT INTO seed_cities (name) VALUES
('Vijayawada'),
('Visakhapatnam'),
('Rajahmundry'),
('Eluru'),
('Samalkot'),
('Surampalem'),
('Tuni'),
('Anakapalle'),
('Hyderabad'),
('Suryapet'),
('Kodad'),
('Guntur'),
('Ongole'),
('Nellore'),
('Naidupeta'),
('Tirupati'),
('Warangal'),
('Bhongir'),
('Jangaon'),
('Tadepalligudem'),
('Bhimavaram'),
('Mandapeta'),
('Ravulapalem');

INSERT INTO cities (name)
SELECT sc.name
FROM seed_cities sc
WHERE NOT EXISTS (
    SELECT 1
    FROM cities c
    WHERE UPPER(TRIM(c.name)) = UPPER(TRIM(sc.name))
);

DROP TEMPORARY TABLE IF EXISTS seed_buses;
CREATE TEMPORARY TABLE seed_buses (
    operator_name VARCHAR(120) PRIMARY KEY,
    bus_type_value VARCHAR(60) NOT NULL,
    seat_count_value INT NOT NULL,
    fare_value DECIMAL(10,2) NOT NULL,
    status_value VARCHAR(20) NOT NULL
);

INSERT INTO seed_buses (
    operator_name, bus_type_value, seat_count_value, fare_value, status_value
) VALUES
('Coastal Rider', 'NON-AC Seater', 49, 0.95, 'ACTIVE'),
('BlueWave Express', 'AC Sleeper', 30, 1.28, 'ACTIVE'),
('Godavari Seater', 'AC Seater', 40, 1.12, 'ACTIVE'),
('Orange Night Lines', 'AC Sleeper', 32, 1.30, 'ACTIVE'),
('Deccan Day Express', 'AC Seater', 42, 1.10, 'ACTIVE'),
('Sree Kaleswari Sleeper', 'AC Sleeper', 34, 1.26, 'ACTIVE'),
('APSRTC Garuda VJA', 'AC Seater', 45, 1.00, 'ACTIVE'),
('Udaya Sleeper', 'AC Sleeper', 32, 1.24, 'ACTIVE'),
('Simhapuri Seater', 'AC Seater', 41, 1.08, 'ACTIVE'),
('Rayalaseema Sleeper', 'NON-AC Sleeper', 36, 1.00, 'ACTIVE'),
('Tirumala Express', 'AC Seater', 43, 1.05, 'ACTIVE'),
('Sapthagiri Sleeper', 'AC Sleeper', 32, 1.22, 'ACTIVE'),
('Morning Star Day', 'NON-AC Seater', 49, 0.92, 'ACTIVE'),
('Telangana Sleeper', 'AC Sleeper', 34, 1.25, 'ACTIVE'),
('Haritha Comfort', 'AC Seater', 44, 1.04, 'ACTIVE'),
('Coastal Sleeper', 'AC Sleeper', 32, 1.27, 'ACTIVE'),
('Bhadrakali Rider', 'NON-AC Seater', 46, 0.94, 'ACTIVE'),
('Warangal Night Queen', 'AC Sleeper', 30, 1.23, 'ACTIVE'),
('Krishna Rider', 'NON-AC Seater', 46, 0.94, 'ACTIVE'),
('East Coast Seater', 'AC Seater', 40, 1.06, 'ACTIVE'),
('Coastal Garuda', 'AC Seater', 40, 1.11, 'ACTIVE'),
('Deccan Night Queen', 'AC Sleeper', 32, 1.24, 'ACTIVE'),
('Vizag Day Rider', 'AC Seater', 40, 1.09, 'ACTIVE'),
('Vizag Night Queen', 'AC Sleeper', 32, 1.29, 'ACTIVE'),
('Surampalem Shuttle', 'NON-AC Seater', 38, 0.95, 'ACTIVE'),
('Vizag Connector AC', 'AC Seater', 40, 1.10, 'ACTIVE'),
('Vizag Evening Rider', 'AC Seater', 40, 1.10, 'ACTIVE'),
('East Coast Local', 'NON-AC Seater', 40, 0.95, 'ACTIVE'),
('Coastal Temple AC', 'AC Seater', 41, 1.10, 'ACTIVE'),
('Temple City Sleeper', 'AC Sleeper', 30, 1.28, 'ACTIVE'),
('Temple Day Return', 'AC Seater', 41, 1.10, 'ACTIVE'),
('Samalkot Night Express', 'AC Sleeper', 30, 1.28, 'ACTIVE'),
('Delta Local Rider', 'NON-AC Seater', 44, 0.95, 'ACTIVE'),
('Delta Comfort AC', 'AC Seater', 40, 1.10, 'ACTIVE'),
('Delta Comfort Return', 'AC Seater', 40, 1.10, 'ACTIVE'),
('Godavari Local Return', 'NON-AC Seater', 44, 0.95, 'ACTIVE'),
('April Rush AC', 'AC Seater', 41, 1.10, 'ACTIVE'),
('April Rush Return', 'AC Seater', 41, 1.10, 'ACTIVE'),
('Festival Link Sleeper', 'AC Sleeper', 32, 1.28, 'ACTIVE'),
('Festival Link Sleeper Return', 'AC Sleeper', 32, 1.28, 'ACTIVE');

SET @bus_type_col = (
    SELECT CASE
        WHEN EXISTS (
            SELECT 1 FROM information_schema.columns
            WHERE table_schema = DATABASE() AND table_name = 'buses' AND column_name = 'bus_type'
        ) THEN 'bus_type'
        WHEN EXISTS (
            SELECT 1 FROM information_schema.columns
            WHERE table_schema = DATABASE() AND table_name = 'buses' AND column_name = 'type'
        ) THEN 'type'
        ELSE NULL
    END
);

SET @bus_seat_col = (
    SELECT CASE
        WHEN EXISTS (
            SELECT 1 FROM information_schema.columns
            WHERE table_schema = DATABASE() AND table_name = 'buses' AND column_name = 'total_seats'
        ) THEN 'total_seats'
        WHEN EXISTS (
            SELECT 1 FROM information_schema.columns
            WHERE table_schema = DATABASE() AND table_name = 'buses' AND column_name = 'seat_count'
        ) THEN 'seat_count'
        WHEN EXISTS (
            SELECT 1 FROM information_schema.columns
            WHERE table_schema = DATABASE() AND table_name = 'buses' AND column_name = 'seats'
        ) THEN 'seats'
        ELSE NULL
    END
);

SET @bus_fare_col = (
    SELECT CASE
        WHEN EXISTS (
            SELECT 1 FROM information_schema.columns
            WHERE table_schema = DATABASE() AND table_name = 'buses' AND column_name = 'fare_multiplier'
        ) THEN 'fare_multiplier'
        WHEN EXISTS (
            SELECT 1 FROM information_schema.columns
            WHERE table_schema = DATABASE() AND table_name = 'buses' AND column_name = 'multiplier'
        ) THEN 'multiplier'
        WHEN EXISTS (
            SELECT 1 FROM information_schema.columns
            WHERE table_schema = DATABASE() AND table_name = 'buses' AND column_name = 'fare'
        ) THEN 'fare'
        ELSE NULL
    END
);

SET @bus_status_col = (
    SELECT CASE
        WHEN EXISTS (
            SELECT 1 FROM information_schema.columns
            WHERE table_schema = DATABASE() AND table_name = 'buses' AND column_name = 'status'
        ) THEN 'status'
        WHEN EXISTS (
            SELECT 1 FROM information_schema.columns
            WHERE table_schema = DATABASE() AND table_name = 'buses' AND column_name = 'bus_status'
        ) THEN 'bus_status'
        ELSE NULL
    END
);

SET @bus_insert_sql = CONCAT(
    'INSERT INTO buses (operator, ', @bus_type_col, ', ', @bus_seat_col, ', ', @bus_fare_col,
    IF(@bus_status_col IS NULL, '', CONCAT(', ', @bus_status_col)),
    ') ',
    'SELECT sb.operator_name, sb.bus_type_value, sb.seat_count_value, sb.fare_value',
    IF(@bus_status_col IS NULL, '', ', sb.status_value'),
    ' FROM seed_buses sb ',
    'WHERE NOT EXISTS (',
    'SELECT 1 FROM buses b ',
    'WHERE UPPER(TRIM(b.operator)) = UPPER(TRIM(sb.operator_name)) ',
    'AND UPPER(TRIM(b.', @bus_type_col, ')) = UPPER(TRIM(sb.bus_type_value))',
    ')'
);

PREPARE bus_insert_stmt FROM @bus_insert_sql;
EXECUTE bus_insert_stmt;
DEALLOCATE PREPARE bus_insert_stmt;

DROP TEMPORARY TABLE IF EXISTS seed_routes;
CREATE TEMPORARY TABLE seed_routes (
    route_name VARCHAR(140) PRIMARY KEY,
    source_city VARCHAR(100) NOT NULL,
    destination_city VARCHAR(100) NOT NULL,
    total_distance_value INT NOT NULL,
    base_fare_value DECIMAL(10,2) NOT NULL,
    status_value VARCHAR(20) NOT NULL
);

INSERT INTO seed_routes (
    route_name, source_city, destination_city, total_distance_value, base_fare_value, status_value
) VALUES
('VIJAYAWADA -> VISAKHAPATNAM', 'Vijayawada', 'Visakhapatnam', 350, 2.65, 'ACTIVE'),
('VISAKHAPATNAM -> VIJAYAWADA', 'Visakhapatnam', 'Vijayawada', 350, 2.65, 'ACTIVE'),
('VIJAYAWADA -> HYDERABAD', 'Vijayawada', 'Hyderabad', 275, 3.10, 'ACTIVE'),
('HYDERABAD -> VIJAYAWADA', 'Hyderabad', 'Vijayawada', 275, 3.10, 'ACTIVE'),
('GUNTUR -> TIRUPATI', 'Guntur', 'Tirupati', 390, 2.80, 'ACTIVE'),
('TIRUPATI -> GUNTUR', 'Tirupati', 'Guntur', 390, 2.80, 'ACTIVE'),
('VIJAYAWADA -> RAJAHMUNDRY', 'Vijayawada', 'Rajahmundry', 160, 2.60, 'ACTIVE'),
('RAJAHMUNDRY -> VIJAYAWADA', 'Rajahmundry', 'Vijayawada', 160, 2.60, 'ACTIVE'),
('HYDERABAD -> WARANGAL', 'Hyderabad', 'Warangal', 150, 2.75, 'ACTIVE'),
('WARANGAL -> HYDERABAD', 'Warangal', 'Hyderabad', 150, 2.75, 'ACTIVE'),
('HYDERABAD -> VISAKHAPATNAM', 'Hyderabad', 'Visakhapatnam', 620, 2.95, 'ACTIVE'),
('VISAKHAPATNAM -> HYDERABAD', 'Visakhapatnam', 'Hyderabad', 620, 2.95, 'ACTIVE'),
('SURAMPALEM -> VISAKHAPATNAM', 'Surampalem', 'Visakhapatnam', 150, 2.85, 'ACTIVE'),
('VISAKHAPATNAM -> SURAMPALEM', 'Visakhapatnam', 'Surampalem', 150, 2.85, 'ACTIVE'),
('SAMALKOT -> TIRUPATI', 'Samalkot', 'Tirupati', 610, 2.45, 'ACTIVE'),
('TIRUPATI -> SAMALKOT', 'Tirupati', 'Samalkot', 610, 2.45, 'ACTIVE'),
('BHIMAVARAM -> RAVULAPALEM', 'Bhimavaram', 'Ravulapalem', 95, 2.55, 'ACTIVE'),
('RAVULAPALEM -> BHIMAVARAM', 'Ravulapalem', 'Bhimavaram', 95, 2.55, 'ACTIVE');

SET @route_name_col = (
    SELECT CASE
        WHEN EXISTS (
            SELECT 1 FROM information_schema.columns
            WHERE table_schema = DATABASE() AND table_name = 'routes' AND column_name = 'route_name'
        ) THEN 'route_name'
        WHEN EXISTS (
            SELECT 1 FROM information_schema.columns
            WHERE table_schema = DATABASE() AND table_name = 'routes' AND column_name = 'name'
        ) THEN 'name'
        ELSE NULL
    END
);

SET @route_distance_col = (
    SELECT CASE
        WHEN EXISTS (
            SELECT 1 FROM information_schema.columns
            WHERE table_schema = DATABASE() AND table_name = 'routes' AND column_name = 'total_distance'
        ) THEN 'total_distance'
        WHEN EXISTS (
            SELECT 1 FROM information_schema.columns
            WHERE table_schema = DATABASE() AND table_name = 'routes' AND column_name = 'distance_km'
        ) THEN 'distance_km'
        ELSE NULL
    END
);

SET @route_fare_col = (
    SELECT CASE
        WHEN EXISTS (
            SELECT 1 FROM information_schema.columns
            WHERE table_schema = DATABASE() AND table_name = 'routes' AND column_name = 'base_fare'
        ) THEN 'base_fare'
        WHEN EXISTS (
            SELECT 1 FROM information_schema.columns
            WHERE table_schema = DATABASE() AND table_name = 'routes' AND column_name = 'fare_per_km'
        ) THEN 'fare_per_km'
        WHEN EXISTS (
            SELECT 1 FROM information_schema.columns
            WHERE table_schema = DATABASE() AND table_name = 'routes' AND column_name = 'rate_per_km'
        ) THEN 'rate_per_km'
        ELSE NULL
    END
);

SET @route_status_col = (
    SELECT CASE
        WHEN EXISTS (
            SELECT 1 FROM information_schema.columns
            WHERE table_schema = DATABASE() AND table_name = 'routes' AND column_name = 'status'
        ) THEN 'status'
        ELSE NULL
    END
);

SET @route_source_col = (
    SELECT CASE
        WHEN EXISTS (
            SELECT 1 FROM information_schema.columns
            WHERE table_schema = DATABASE() AND table_name = 'routes' AND column_name = 'source_city_id'
        ) THEN 'source_city_id'
        ELSE NULL
    END
);

SET @route_destination_col = (
    SELECT CASE
        WHEN EXISTS (
            SELECT 1 FROM information_schema.columns
            WHERE table_schema = DATABASE() AND table_name = 'routes' AND column_name = 'destination_city_id'
        ) THEN 'destination_city_id'
        ELSE NULL
    END
);

SET @route_insert_sql = CONCAT(
    'INSERT INTO routes (', @route_name_col, ', ', @route_distance_col, ', ', @route_fare_col,
    IF(@route_status_col IS NULL, '', CONCAT(', ', @route_status_col)),
    IF(@route_source_col IS NULL, '', CONCAT(', ', @route_source_col)),
    IF(@route_destination_col IS NULL, '', CONCAT(', ', @route_destination_col)),
    ') ',
    'SELECT sr.route_name, sr.total_distance_value, sr.base_fare_value',
    IF(@route_status_col IS NULL, '', ', sr.status_value'),
    IF(@route_source_col IS NULL, '', ', src.id'),
    IF(@route_destination_col IS NULL, '', ', dst.id'),
    ' FROM seed_routes sr ',
    IF(@route_source_col IS NULL, '', 'LEFT JOIN cities src ON UPPER(TRIM(src.name)) = UPPER(TRIM(sr.source_city)) '),
    IF(@route_destination_col IS NULL, '', 'LEFT JOIN cities dst ON UPPER(TRIM(dst.name)) = UPPER(TRIM(sr.destination_city)) '),
    'WHERE NOT EXISTS (',
    'SELECT 1 FROM routes r ',
    'WHERE UPPER(TRIM(r.', @route_name_col, ')) = UPPER(TRIM(sr.route_name))',
    ')'
);

PREPARE route_insert_stmt FROM @route_insert_sql;
EXECUTE route_insert_stmt;
DEALLOCATE PREPARE route_insert_stmt;

DROP TEMPORARY TABLE IF EXISTS seed_route_stops;
CREATE TEMPORARY TABLE seed_route_stops (
    route_name VARCHAR(140) NOT NULL,
    stop_name VARCHAR(100) NOT NULL,
    stop_order_value INT NOT NULL,
    distance_value INT NOT NULL,
    PRIMARY KEY (route_name, stop_order_value)
);

INSERT INTO seed_route_stops (
    route_name, stop_name, stop_order_value, distance_value
) VALUES
('VIJAYAWADA -> VISAKHAPATNAM', 'Vijayawada', 1, 0),
('VIJAYAWADA -> VISAKHAPATNAM', 'Eluru', 2, 55),
('VIJAYAWADA -> VISAKHAPATNAM', 'Rajahmundry', 3, 160),
('VIJAYAWADA -> VISAKHAPATNAM', 'Samalkot', 4, 185),
('VIJAYAWADA -> VISAKHAPATNAM', 'Tuni', 5, 265),
('VIJAYAWADA -> VISAKHAPATNAM', 'Anakapalle', 6, 330),
('VIJAYAWADA -> VISAKHAPATNAM', 'Visakhapatnam', 7, 350),

('VISAKHAPATNAM -> VIJAYAWADA', 'Visakhapatnam', 1, 0),
('VISAKHAPATNAM -> VIJAYAWADA', 'Anakapalle', 2, 20),
('VISAKHAPATNAM -> VIJAYAWADA', 'Tuni', 3, 85),
('VISAKHAPATNAM -> VIJAYAWADA', 'Samalkot', 4, 165),
('VISAKHAPATNAM -> VIJAYAWADA', 'Rajahmundry', 5, 190),
('VISAKHAPATNAM -> VIJAYAWADA', 'Eluru', 6, 295),
('VISAKHAPATNAM -> VIJAYAWADA', 'Vijayawada', 7, 350),

('VIJAYAWADA -> HYDERABAD', 'Vijayawada', 1, 0),
('VIJAYAWADA -> HYDERABAD', 'Kodad', 2, 95),
('VIJAYAWADA -> HYDERABAD', 'Suryapet', 3, 140),
('VIJAYAWADA -> HYDERABAD', 'Hyderabad', 4, 275),

('HYDERABAD -> VIJAYAWADA', 'Hyderabad', 1, 0),
('HYDERABAD -> VIJAYAWADA', 'Suryapet', 2, 135),
('HYDERABAD -> VIJAYAWADA', 'Kodad', 3, 180),
('HYDERABAD -> VIJAYAWADA', 'Vijayawada', 4, 275),

('GUNTUR -> TIRUPATI', 'Guntur', 1, 0),
('GUNTUR -> TIRUPATI', 'Ongole', 2, 110),
('GUNTUR -> TIRUPATI', 'Nellore', 3, 220),
('GUNTUR -> TIRUPATI', 'Naidupeta', 4, 310),
('GUNTUR -> TIRUPATI', 'Tirupati', 5, 390),

('TIRUPATI -> GUNTUR', 'Tirupati', 1, 0),
('TIRUPATI -> GUNTUR', 'Naidupeta', 2, 80),
('TIRUPATI -> GUNTUR', 'Nellore', 3, 170),
('TIRUPATI -> GUNTUR', 'Ongole', 4, 280),
('TIRUPATI -> GUNTUR', 'Guntur', 5, 390),

('VIJAYAWADA -> RAJAHMUNDRY', 'Vijayawada', 1, 0),
('VIJAYAWADA -> RAJAHMUNDRY', 'Eluru', 2, 55),
('VIJAYAWADA -> RAJAHMUNDRY', 'Tadepalligudem', 3, 105),
('VIJAYAWADA -> RAJAHMUNDRY', 'Rajahmundry', 4, 160),

('RAJAHMUNDRY -> VIJAYAWADA', 'Rajahmundry', 1, 0),
('RAJAHMUNDRY -> VIJAYAWADA', 'Tadepalligudem', 2, 55),
('RAJAHMUNDRY -> VIJAYAWADA', 'Eluru', 3, 105),
('RAJAHMUNDRY -> VIJAYAWADA', 'Vijayawada', 4, 160),

('HYDERABAD -> WARANGAL', 'Hyderabad', 1, 0),
('HYDERABAD -> WARANGAL', 'Bhongir', 2, 50),
('HYDERABAD -> WARANGAL', 'Jangaon', 3, 105),
('HYDERABAD -> WARANGAL', 'Warangal', 4, 150),

('WARANGAL -> HYDERABAD', 'Warangal', 1, 0),
('WARANGAL -> HYDERABAD', 'Jangaon', 2, 45),
('WARANGAL -> HYDERABAD', 'Bhongir', 3, 100),
('WARANGAL -> HYDERABAD', 'Hyderabad', 4, 150),

('HYDERABAD -> VISAKHAPATNAM', 'Hyderabad', 1, 0),
('HYDERABAD -> VISAKHAPATNAM', 'Suryapet', 2, 135),
('HYDERABAD -> VISAKHAPATNAM', 'Vijayawada', 3, 275),
('HYDERABAD -> VISAKHAPATNAM', 'Rajahmundry', 4, 435),
('HYDERABAD -> VISAKHAPATNAM', 'Anakapalle', 5, 595),
('HYDERABAD -> VISAKHAPATNAM', 'Visakhapatnam', 6, 620),

('VISAKHAPATNAM -> HYDERABAD', 'Visakhapatnam', 1, 0),
('VISAKHAPATNAM -> HYDERABAD', 'Anakapalle', 2, 25),
('VISAKHAPATNAM -> HYDERABAD', 'Rajahmundry', 3, 185),
('VISAKHAPATNAM -> HYDERABAD', 'Vijayawada', 4, 345),
('VISAKHAPATNAM -> HYDERABAD', 'Suryapet', 5, 485),
('VISAKHAPATNAM -> HYDERABAD', 'Hyderabad', 6, 620),

('SURAMPALEM -> VISAKHAPATNAM', 'Surampalem', 1, 0),
('SURAMPALEM -> VISAKHAPATNAM', 'Samalkot', 2, 18),
('SURAMPALEM -> VISAKHAPATNAM', 'Tuni', 3, 78),
('SURAMPALEM -> VISAKHAPATNAM', 'Anakapalle', 4, 130),
('SURAMPALEM -> VISAKHAPATNAM', 'Visakhapatnam', 5, 150),

('VISAKHAPATNAM -> SURAMPALEM', 'Visakhapatnam', 1, 0),
('VISAKHAPATNAM -> SURAMPALEM', 'Anakapalle', 2, 20),
('VISAKHAPATNAM -> SURAMPALEM', 'Tuni', 3, 72),
('VISAKHAPATNAM -> SURAMPALEM', 'Samalkot', 4, 132),
('VISAKHAPATNAM -> SURAMPALEM', 'Surampalem', 5, 150),

('SAMALKOT -> TIRUPATI', 'Samalkot', 1, 0),
('SAMALKOT -> TIRUPATI', 'Rajahmundry', 2, 25),
('SAMALKOT -> TIRUPATI', 'Vijayawada', 3, 185),
('SAMALKOT -> TIRUPATI', 'Ongole', 4, 295),
('SAMALKOT -> TIRUPATI', 'Nellore', 5, 405),
('SAMALKOT -> TIRUPATI', 'Naidupeta', 6, 495),
('SAMALKOT -> TIRUPATI', 'Tirupati', 7, 610),

('TIRUPATI -> SAMALKOT', 'Tirupati', 1, 0),
('TIRUPATI -> SAMALKOT', 'Naidupeta', 2, 115),
('TIRUPATI -> SAMALKOT', 'Nellore', 3, 205),
('TIRUPATI -> SAMALKOT', 'Ongole', 4, 315),
('TIRUPATI -> SAMALKOT', 'Vijayawada', 5, 425),
('TIRUPATI -> SAMALKOT', 'Rajahmundry', 6, 585),
('TIRUPATI -> SAMALKOT', 'Samalkot', 7, 610),

('BHIMAVARAM -> RAVULAPALEM', 'Bhimavaram', 1, 0),
('BHIMAVARAM -> RAVULAPALEM', 'Tadepalligudem', 2, 35),
('BHIMAVARAM -> RAVULAPALEM', 'Rajahmundry', 3, 62),
('BHIMAVARAM -> RAVULAPALEM', 'Mandapeta', 4, 78),
('BHIMAVARAM -> RAVULAPALEM', 'Ravulapalem', 5, 95),

('RAVULAPALEM -> BHIMAVARAM', 'Ravulapalem', 1, 0),
('RAVULAPALEM -> BHIMAVARAM', 'Mandapeta', 2, 17),
('RAVULAPALEM -> BHIMAVARAM', 'Rajahmundry', 3, 33),
('RAVULAPALEM -> BHIMAVARAM', 'Tadepalligudem', 4, 60),
('RAVULAPALEM -> BHIMAVARAM', 'Bhimavaram', 5, 95);

SET @route_stop_name_col = (
    SELECT CASE
        WHEN EXISTS (
            SELECT 1 FROM information_schema.columns
            WHERE table_schema = DATABASE() AND table_name = 'route_stops' AND column_name = 'stop_name'
        ) THEN 'stop_name'
        WHEN EXISTS (
            SELECT 1 FROM information_schema.columns
            WHERE table_schema = DATABASE() AND table_name = 'route_stops' AND column_name = 'stop'
        ) THEN 'stop'
        WHEN EXISTS (
            SELECT 1 FROM information_schema.columns
            WHERE table_schema = DATABASE() AND table_name = 'route_stops' AND column_name = 'city_name'
        ) THEN 'city_name'
        ELSE NULL
    END
);

SET @route_stop_order_col = (
    SELECT CASE
        WHEN EXISTS (
            SELECT 1 FROM information_schema.columns
            WHERE table_schema = DATABASE() AND table_name = 'route_stops' AND column_name = 'stop_order'
        ) THEN 'stop_order'
        WHEN EXISTS (
            SELECT 1 FROM information_schema.columns
            WHERE table_schema = DATABASE() AND table_name = 'route_stops' AND column_name = 'stop_no'
        ) THEN 'stop_no'
        WHEN EXISTS (
            SELECT 1 FROM information_schema.columns
            WHERE table_schema = DATABASE() AND table_name = 'route_stops' AND column_name = 'seq_no'
        ) THEN 'seq_no'
        ELSE NULL
    END
);

SET @route_stop_distance_col = (
    SELECT CASE
        WHEN EXISTS (
            SELECT 1 FROM information_schema.columns
            WHERE table_schema = DATABASE() AND table_name = 'route_stops' AND column_name = 'distance_from_start'
        ) THEN 'distance_from_start'
        WHEN EXISTS (
            SELECT 1 FROM information_schema.columns
            WHERE table_schema = DATABASE() AND table_name = 'route_stops' AND column_name = 'distance_km'
        ) THEN 'distance_km'
        WHEN EXISTS (
            SELECT 1 FROM information_schema.columns
            WHERE table_schema = DATABASE() AND table_name = 'route_stops' AND column_name = 'distance'
        ) THEN 'distance'
        ELSE NULL
    END
);

SET @route_stop_city_col = (
    SELECT CASE
        WHEN EXISTS (
            SELECT 1 FROM information_schema.columns
            WHERE table_schema = DATABASE() AND table_name = 'route_stops' AND column_name = 'city_id'
        ) THEN 'city_id'
        ELSE NULL
    END
);

SET @route_stop_insert_sql = CONCAT(
    'INSERT INTO route_stops (route_id, ',
    IF(@route_stop_city_col IS NULL, '', CONCAT(@route_stop_city_col, ', ')),
    IF(@route_stop_name_col IS NULL, '', CONCAT(@route_stop_name_col, ', ')),
    @route_stop_order_col, ', ', @route_stop_distance_col,
    ') ',
    'SELECT r.id, ',
    IF(@route_stop_city_col IS NULL, '', 'c.id, '),
    IF(@route_stop_name_col IS NULL, '', 'srs.stop_name, '),
    'srs.stop_order_value, srs.distance_value ',
    'FROM seed_route_stops srs ',
    'JOIN routes r ON UPPER(TRIM(r.', @route_name_col, ')) = UPPER(TRIM(srs.route_name)) ',
    IF(@route_stop_city_col IS NULL, '', 'LEFT JOIN cities c ON UPPER(TRIM(c.name)) = UPPER(TRIM(srs.stop_name)) '),
    'WHERE NOT EXISTS (',
    'SELECT 1 FROM route_stops rs ',
    'WHERE rs.route_id = r.id AND rs.', @route_stop_order_col, ' = srs.stop_order_value',
    ')'
);

PREPARE route_stop_insert_stmt FROM @route_stop_insert_sql;
EXECUTE route_stop_insert_stmt;
DEALLOCATE PREPARE route_stop_insert_stmt;

DROP TEMPORARY TABLE IF EXISTS seed_schedule_templates;
CREATE TEMPORARY TABLE seed_schedule_templates (
    route_name VARCHAR(140) NOT NULL,
    operator_name VARCHAR(120) NOT NULL,
    bus_type_value VARCHAR(60) NOT NULL,
    departure_time_value TIME NOT NULL,
    arrival_time_value TIME NOT NULL,
    PRIMARY KEY (route_name, operator_name, departure_time_value)
);

INSERT INTO seed_schedule_templates (
    route_name, operator_name, bus_type_value, departure_time_value, arrival_time_value
) VALUES
('VIJAYAWADA -> VISAKHAPATNAM', 'Coastal Rider', 'NON-AC Seater', '06:00:00', '13:30:00'),
('VIJAYAWADA -> VISAKHAPATNAM', 'BlueWave Express', 'AC Sleeper', '21:30:00', '05:15:00'),
('VISAKHAPATNAM -> VIJAYAWADA', 'Godavari Seater', 'AC Seater', '06:15:00', '13:45:00'),
('VISAKHAPATNAM -> VIJAYAWADA', 'Orange Night Lines', 'AC Sleeper', '21:00:00', '04:45:00'),
('VIJAYAWADA -> HYDERABAD', 'APSRTC Garuda VJA', 'AC Seater', '07:00:00', '12:00:00'),
('VIJAYAWADA -> HYDERABAD', 'Udaya Sleeper', 'AC Sleeper', '22:30:00', '04:00:00'),
('HYDERABAD -> VIJAYAWADA', 'Deccan Day Express', 'AC Seater', '06:30:00', '11:30:00'),
('HYDERABAD -> VIJAYAWADA', 'Sree Kaleswari Sleeper', 'AC Sleeper', '22:00:00', '03:30:00'),
('GUNTUR -> TIRUPATI', 'Simhapuri Seater', 'AC Seater', '07:15:00', '14:45:00'),
('GUNTUR -> TIRUPATI', 'Rayalaseema Sleeper', 'NON-AC Sleeper', '21:00:00', '05:00:00'),
('TIRUPATI -> GUNTUR', 'Tirumala Express', 'AC Seater', '07:00:00', '14:30:00'),
('TIRUPATI -> GUNTUR', 'Sapthagiri Sleeper', 'AC Sleeper', '20:45:00', '04:45:00'),
('VIJAYAWADA -> RAJAHMUNDRY', 'Krishna Rider', 'NON-AC Seater', '08:00:00', '11:15:00'),
('VIJAYAWADA -> RAJAHMUNDRY', 'Haritha Comfort', 'AC Seater', '18:15:00', '21:15:00'),
('RAJAHMUNDRY -> VIJAYAWADA', 'East Coast Seater', 'AC Seater', '08:30:00', '11:45:00'),
('RAJAHMUNDRY -> VIJAYAWADA', 'Coastal Sleeper', 'AC Sleeper', '18:45:00', '22:00:00'),
('HYDERABAD -> WARANGAL', 'Morning Star Day', 'NON-AC Seater', '06:45:00', '09:45:00'),
('HYDERABAD -> WARANGAL', 'Telangana Sleeper', 'AC Sleeper', '20:00:00', '23:00:00'),
('WARANGAL -> HYDERABAD', 'Bhadrakali Rider', 'NON-AC Seater', '06:30:00', '09:30:00'),
('WARANGAL -> HYDERABAD', 'Warangal Night Queen', 'AC Sleeper', '19:30:00', '22:30:00'),
('HYDERABAD -> VISAKHAPATNAM', 'Coastal Garuda', 'AC Seater', '05:45:00', '16:15:00'),
('HYDERABAD -> VISAKHAPATNAM', 'Deccan Night Queen', 'AC Sleeper', '20:30:00', '06:15:00'),
('VISAKHAPATNAM -> HYDERABAD', 'Vizag Day Rider', 'AC Seater', '06:00:00', '16:30:00'),
('VISAKHAPATNAM -> HYDERABAD', 'Vizag Night Queen', 'AC Sleeper', '20:00:00', '05:45:00'),
('SURAMPALEM -> VISAKHAPATNAM', 'Surampalem Shuttle', 'NON-AC Seater', '06:20:00', '09:30:00'),
('SURAMPALEM -> VISAKHAPATNAM', 'Vizag Connector AC', 'AC Seater', '17:10:00', '20:20:00'),
('VISAKHAPATNAM -> SURAMPALEM', 'Vizag Evening Rider', 'AC Seater', '07:00:00', '10:10:00'),
('VISAKHAPATNAM -> SURAMPALEM', 'East Coast Local', 'NON-AC Seater', '18:00:00', '21:10:00'),
('SAMALKOT -> TIRUPATI', 'Coastal Temple AC', 'AC Seater', '06:15:00', '15:45:00'),
('SAMALKOT -> TIRUPATI', 'Temple City Sleeper', 'AC Sleeper', '20:30:00', '05:45:00'),
('TIRUPATI -> SAMALKOT', 'Temple Day Return', 'AC Seater', '06:30:00', '16:00:00'),
('TIRUPATI -> SAMALKOT', 'Samalkot Night Express', 'AC Sleeper', '20:00:00', '05:15:00'),
('BHIMAVARAM -> RAVULAPALEM', 'Delta Local Rider', 'NON-AC Seater', '07:15:00', '09:50:00'),
('BHIMAVARAM -> RAVULAPALEM', 'Delta Comfort AC', 'AC Seater', '17:30:00', '20:00:00'),
('RAVULAPALEM -> BHIMAVARAM', 'Delta Comfort Return', 'AC Seater', '07:10:00', '09:40:00'),
('RAVULAPALEM -> BHIMAVARAM', 'Godavari Local Return', 'NON-AC Seater', '18:15:00', '20:50:00');

DROP TEMPORARY TABLE IF EXISTS seed_digits;
CREATE TEMPORARY TABLE seed_digits (
    n INT PRIMARY KEY
);

INSERT INTO seed_digits (n) VALUES
(0),(1),(2),(3),(4),(5),(6),(7),(8),(9);

DROP TEMPORARY TABLE IF EXISTS seed_service_dates;
CREATE TEMPORARY TABLE seed_service_dates (
    service_date DATE PRIMARY KEY
);

INSERT INTO seed_service_dates (service_date)
SELECT DATE_ADD(@seed_start_date, INTERVAL (d1.n + d2.n * 10) DAY)
FROM seed_digits d1
CROSS JOIN seed_digits d2
WHERE (d1.n + d2.n * 10) <= DATEDIFF(@seed_end_date, @seed_start_date);

SET @schedule_status_col = (
    SELECT CASE
        WHEN EXISTS (
            SELECT 1 FROM information_schema.columns
            WHERE table_schema = DATABASE() AND table_name = 'schedules' AND column_name = 'status'
        ) THEN 'status'
        ELSE NULL
    END
);

SET @schedule_insert_sql = CONCAT(
    'INSERT INTO schedules (bus_id, route_id, departure_time, arrival_time',
    IF(@schedule_status_col IS NULL, '', CONCAT(', ', @schedule_status_col)),
    ') ',
    'SELECT b.id, r.id, ',
    'TIMESTAMP(d.service_date, t.departure_time_value), ',
    'CASE ',
    'WHEN t.arrival_time_value > t.departure_time_value THEN TIMESTAMP(d.service_date, t.arrival_time_value) ',
    'ELSE TIMESTAMP(DATE_ADD(d.service_date, INTERVAL 1 DAY), t.arrival_time_value) ',
    'END',
    IF(@schedule_status_col IS NULL, '', ', ''ACTIVE'''),
    ' FROM seed_service_dates d ',
    'JOIN seed_schedule_templates t ',
    'JOIN routes r ON UPPER(TRIM(r.', @route_name_col, ')) = UPPER(TRIM(t.route_name)) ',
    'JOIN (SELECT operator, ', @bus_type_col, ' AS bus_type_key, MIN(id) AS id FROM buses GROUP BY operator, ', @bus_type_col, ') b ',
    'ON UPPER(TRIM(b.operator)) = UPPER(TRIM(t.operator_name)) ',
    'AND UPPER(TRIM(b.bus_type_key)) = UPPER(TRIM(t.bus_type_value)) ',
    'WHERE NOT EXISTS (',
    'SELECT 1 FROM schedules s ',
    'WHERE s.bus_id = b.id ',
    'AND s.route_id = r.id ',
    'AND s.departure_time = TIMESTAMP(d.service_date, t.departure_time_value)',
    ')'
);

PREPARE schedule_insert_stmt FROM @schedule_insert_sql;
EXECUTE schedule_insert_stmt;
DEALLOCATE PREPARE schedule_insert_stmt;

DROP TEMPORARY TABLE IF EXISTS seed_peak_service_dates;
CREATE TEMPORARY TABLE seed_peak_service_dates (
    service_date DATE PRIMARY KEY
);

INSERT INTO seed_peak_service_dates (service_date) VALUES
('2026-04-05'),
('2026-04-06'),
('2026-04-07');

DROP TEMPORARY TABLE IF EXISTS seed_peak_schedule_templates;
CREATE TEMPORARY TABLE seed_peak_schedule_templates (
    route_name VARCHAR(140) NOT NULL,
    operator_name VARCHAR(120) NOT NULL,
    bus_type_value VARCHAR(60) NOT NULL,
    departure_time_value TIME NOT NULL,
    arrival_time_value TIME NOT NULL,
    PRIMARY KEY (route_name, operator_name, departure_time_value)
);

INSERT INTO seed_peak_schedule_templates (
    route_name, operator_name, bus_type_value, departure_time_value, arrival_time_value
) VALUES
('VIJAYAWADA -> VISAKHAPATNAM', 'April Rush AC', 'AC Seater', '10:30:00', '17:45:00'),
('VISAKHAPATNAM -> VIJAYAWADA', 'April Rush Return', 'AC Seater', '10:45:00', '18:00:00'),
('HYDERABAD -> VIJAYAWADA', 'Festival Link Sleeper', 'AC Sleeper', '18:30:00', '00:15:00'),
('VIJAYAWADA -> HYDERABAD', 'Festival Link Sleeper Return', 'AC Sleeper', '18:45:00', '00:30:00');

SET @peak_schedule_insert_sql = CONCAT(
    'INSERT INTO schedules (bus_id, route_id, departure_time, arrival_time',
    IF(@schedule_status_col IS NULL, '', CONCAT(', ', @schedule_status_col)),
    ') ',
    'SELECT b.id, r.id, ',
    'TIMESTAMP(d.service_date, t.departure_time_value), ',
    'CASE ',
    'WHEN t.arrival_time_value > t.departure_time_value THEN TIMESTAMP(d.service_date, t.arrival_time_value) ',
    'ELSE TIMESTAMP(DATE_ADD(d.service_date, INTERVAL 1 DAY), t.arrival_time_value) ',
    'END',
    IF(@schedule_status_col IS NULL, '', ', ''ACTIVE'''),
    ' FROM seed_peak_service_dates d ',
    'JOIN seed_peak_schedule_templates t ',
    'JOIN routes r ON UPPER(TRIM(r.', @route_name_col, ')) = UPPER(TRIM(t.route_name)) ',
    'JOIN (SELECT operator, ', @bus_type_col, ' AS bus_type_key, MIN(id) AS id FROM buses GROUP BY operator, ', @bus_type_col, ') b ',
    'ON UPPER(TRIM(b.operator)) = UPPER(TRIM(t.operator_name)) ',
    'AND UPPER(TRIM(b.bus_type_key)) = UPPER(TRIM(t.bus_type_value)) ',
    'WHERE NOT EXISTS (',
    'SELECT 1 FROM schedules s ',
    'WHERE s.bus_id = b.id ',
    'AND s.route_id = r.id ',
    'AND s.departure_time = TIMESTAMP(d.service_date, t.departure_time_value)',
    ')'
);

PREPARE peak_schedule_insert_stmt FROM @peak_schedule_insert_sql;
EXECUTE peak_schedule_insert_stmt;
DEALLOCATE PREPARE peak_schedule_insert_stmt;


-- Andhra Pradesh route expansion
-- Adds 300 directional routes with route-stop driven auto maps.

INSERT IGNORE INTO seed_cities (name) VALUES
('Srikakulam'),
('Vizianagaram'),
('Visakhapatnam'),
('Anakapalle'),
('Tuni'),
('Samalkot'),
('Kakinada'),
('Rajahmundry'),
('Ravulapalem'),
('Bhimavaram'),
('Eluru'),
('Vijayawada'),
('Guntur'),
('Ongole'),
('Nellore'),
('Tirupati'),
('Kadapa'),
('Kurnool'),
('Anantapur');

INSERT INTO cities (name)
SELECT sc.name
FROM seed_cities sc
WHERE NOT EXISTS (
    SELECT 1
    FROM cities c
    WHERE UPPER(TRIM(c.name)) = UPPER(TRIM(sc.name))
);

INSERT IGNORE INTO seed_buses (operator_name, bus_type_value, seat_count_value, fare_value, status_value) VALUES
('AP Local Rider 01', 'NON-AC Seater', 46, 0.95, 'ACTIVE'),
('AP Local Rider 02', 'NON-AC Seater', 46, 0.95, 'ACTIVE'),
('AP Local Rider 03', 'NON-AC Seater', 46, 0.95, 'ACTIVE'),
('AP Local Rider 04', 'NON-AC Seater', 46, 0.95, 'ACTIVE'),
('AP Local Rider 05', 'NON-AC Seater', 46, 0.95, 'ACTIVE'),
('AP Local Rider 06', 'NON-AC Seater', 46, 0.95, 'ACTIVE'),
('AP Local Rider 07', 'NON-AC Seater', 46, 0.95, 'ACTIVE'),
('AP Local Rider 08', 'NON-AC Seater', 46, 0.95, 'ACTIVE'),
('AP Local Rider 09', 'NON-AC Seater', 46, 0.95, 'ACTIVE'),
('AP Local Rider 10', 'NON-AC Seater', 46, 0.95, 'ACTIVE'),
('AP Local Rider 11', 'NON-AC Seater', 46, 0.95, 'ACTIVE'),
('AP Local Rider 12', 'NON-AC Seater', 46, 0.95, 'ACTIVE'),
('AP Local Rider 13', 'NON-AC Seater', 46, 0.95, 'ACTIVE'),
('AP Local Rider 14', 'NON-AC Seater', 46, 0.95, 'ACTIVE'),
('AP Local Rider 15', 'NON-AC Seater', 46, 0.95, 'ACTIVE'),
('AP Local Rider 16', 'NON-AC Seater', 46, 0.95, 'ACTIVE'),
('AP Local Rider 17', 'NON-AC Seater', 46, 0.95, 'ACTIVE'),
('AP Local Rider 18', 'NON-AC Seater', 46, 0.95, 'ACTIVE'),
('AP Local Rider 19', 'NON-AC Seater', 46, 0.95, 'ACTIVE'),
('AP Local Rider 20', 'NON-AC Seater', 46, 0.95, 'ACTIVE'),
('AP Comfort Line 01', 'AC Seater', 40, 1.10, 'ACTIVE'),
('AP Comfort Line 02', 'AC Seater', 40, 1.10, 'ACTIVE'),
('AP Comfort Line 03', 'AC Seater', 40, 1.10, 'ACTIVE'),
('AP Comfort Line 04', 'AC Seater', 40, 1.10, 'ACTIVE'),
('AP Comfort Line 05', 'AC Seater', 40, 1.10, 'ACTIVE'),
('AP Comfort Line 06', 'AC Seater', 40, 1.10, 'ACTIVE'),
('AP Comfort Line 07', 'AC Seater', 40, 1.10, 'ACTIVE'),
('AP Comfort Line 08', 'AC Seater', 40, 1.10, 'ACTIVE'),
('AP Comfort Line 09', 'AC Seater', 40, 1.10, 'ACTIVE'),
('AP Comfort Line 10', 'AC Seater', 40, 1.10, 'ACTIVE'),
('AP Comfort Line 11', 'AC Seater', 40, 1.10, 'ACTIVE'),
('AP Comfort Line 12', 'AC Seater', 40, 1.10, 'ACTIVE'),
('AP Comfort Line 13', 'AC Seater', 40, 1.10, 'ACTIVE'),
('AP Comfort Line 14', 'AC Seater', 40, 1.10, 'ACTIVE'),
('AP Comfort Line 15', 'AC Seater', 40, 1.10, 'ACTIVE'),
('AP Comfort Line 16', 'AC Seater', 40, 1.10, 'ACTIVE'),
('AP Comfort Line 17', 'AC Seater', 40, 1.10, 'ACTIVE'),
('AP Comfort Line 18', 'AC Seater', 40, 1.10, 'ACTIVE'),
('AP Comfort Line 19', 'AC Seater', 40, 1.10, 'ACTIVE'),
('AP Comfort Line 20', 'AC Seater', 40, 1.10, 'ACTIVE'),
('AP Night Link 01', 'AC Sleeper', 30, 1.28, 'ACTIVE'),
('AP Night Link 02', 'AC Sleeper', 30, 1.28, 'ACTIVE'),
('AP Night Link 03', 'AC Sleeper', 30, 1.28, 'ACTIVE'),
('AP Night Link 04', 'AC Sleeper', 30, 1.28, 'ACTIVE'),
('AP Night Link 05', 'AC Sleeper', 30, 1.28, 'ACTIVE'),
('AP Night Link 06', 'AC Sleeper', 30, 1.28, 'ACTIVE'),
('AP Night Link 07', 'AC Sleeper', 30, 1.28, 'ACTIVE'),
('AP Night Link 08', 'AC Sleeper', 30, 1.28, 'ACTIVE'),
('AP Night Link 09', 'AC Sleeper', 30, 1.28, 'ACTIVE'),
('AP Night Link 10', 'AC Sleeper', 30, 1.28, 'ACTIVE'),
('AP Night Link 11', 'AC Sleeper', 30, 1.28, 'ACTIVE'),
('AP Night Link 12', 'AC Sleeper', 30, 1.28, 'ACTIVE'),
('AP Night Link 13', 'AC Sleeper', 30, 1.28, 'ACTIVE'),
('AP Night Link 14', 'AC Sleeper', 30, 1.28, 'ACTIVE'),
('AP Night Link 15', 'AC Sleeper', 30, 1.28, 'ACTIVE'),
('AP Night Link 16', 'AC Sleeper', 30, 1.28, 'ACTIVE'),
('AP Night Link 17', 'AC Sleeper', 30, 1.28, 'ACTIVE'),
('AP Night Link 18', 'AC Sleeper', 30, 1.28, 'ACTIVE'),
('AP Night Link 19', 'AC Sleeper', 30, 1.28, 'ACTIVE'),
('AP Night Link 20', 'AC Sleeper', 30, 1.28, 'ACTIVE');

PREPARE bus_insert_stmt FROM @bus_insert_sql;
EXECUTE bus_insert_stmt;
DEALLOCATE PREPARE bus_insert_stmt;

INSERT IGNORE INTO seed_routes (route_name, source_city, destination_city, total_distance_value, base_fare_value, status_value) VALUES
('SAMALKOT -> KAKINADA', 'Samalkot', 'Kakinada', 15, 2.55, 'ACTIVE'),
('KAKINADA -> SAMALKOT', 'Kakinada', 'Samalkot', 15, 2.55, 'ACTIVE'),
('RAJAHMUNDRY -> RAVULAPALEM', 'Rajahmundry', 'Ravulapalem', 25, 2.55, 'ACTIVE'),
('RAVULAPALEM -> RAJAHMUNDRY', 'Ravulapalem', 'Rajahmundry', 25, 2.55, 'ACTIVE'),
('VISAKHAPATNAM -> ANAKAPALLE', 'Visakhapatnam', 'Anakapalle', 30, 2.55, 'ACTIVE'),
('ANAKAPALLE -> VISAKHAPATNAM', 'Anakapalle', 'Visakhapatnam', 30, 2.55, 'ACTIVE'),
('VIJAYAWADA -> GUNTUR', 'Vijayawada', 'Guntur', 35, 2.55, 'ACTIVE'),
('GUNTUR -> VIJAYAWADA', 'Guntur', 'Vijayawada', 35, 2.55, 'ACTIVE'),
('KAKINADA -> RAJAHMUNDRY', 'Kakinada', 'Rajahmundry', 45, 2.55, 'ACTIVE'),
('RAJAHMUNDRY -> KAKINADA', 'Rajahmundry', 'Kakinada', 45, 2.55, 'ACTIVE'),
('ELURU -> VIJAYAWADA', 'Eluru', 'Vijayawada', 55, 2.55, 'ACTIVE'),
('VIJAYAWADA -> ELURU', 'Vijayawada', 'Eluru', 55, 2.55, 'ACTIVE'),
('SAMALKOT -> RAJAHMUNDRY', 'Samalkot', 'Rajahmundry', 60, 2.55, 'ACTIVE'),
('RAJAHMUNDRY -> SAMALKOT', 'Rajahmundry', 'Samalkot', 60, 2.55, 'ACTIVE'),
('TUNI -> SAMALKOT', 'Tuni', 'Samalkot', 60, 2.55, 'ACTIVE'),
('SAMALKOT -> TUNI', 'Samalkot', 'Tuni', 60, 2.55, 'ACTIVE'),
('VIZIANAGARAM -> VISAKHAPATNAM', 'Vizianagaram', 'Visakhapatnam', 60, 2.55, 'ACTIVE'),
('VISAKHAPATNAM -> VIZIANAGARAM', 'Visakhapatnam', 'Vizianagaram', 60, 2.55, 'ACTIVE'),
('ANAKAPALLE -> TUNI', 'Anakapalle', 'Tuni', 65, 2.55, 'ACTIVE'),
('TUNI -> ANAKAPALLE', 'Tuni', 'Anakapalle', 65, 2.55, 'ACTIVE'),
('SRIKAKULAM -> VIZIANAGARAM', 'Srikakulam', 'Vizianagaram', 65, 2.55, 'ACTIVE'),
('VIZIANAGARAM -> SRIKAKULAM', 'Vizianagaram', 'Srikakulam', 65, 2.55, 'ACTIVE'),
('KAKINADA -> RAVULAPALEM', 'Kakinada', 'Ravulapalem', 70, 2.55, 'ACTIVE'),
('RAVULAPALEM -> KAKINADA', 'Ravulapalem', 'Kakinada', 70, 2.55, 'ACTIVE'),
('BHIMAVARAM -> ELURU', 'Bhimavaram', 'Eluru', 75, 2.55, 'ACTIVE'),
('ELURU -> BHIMAVARAM', 'Eluru', 'Bhimavaram', 75, 2.55, 'ACTIVE'),
('TUNI -> KAKINADA', 'Tuni', 'Kakinada', 75, 2.55, 'ACTIVE'),
('KAKINADA -> TUNI', 'Kakinada', 'Tuni', 75, 2.55, 'ACTIVE'),
('SAMALKOT -> RAVULAPALEM', 'Samalkot', 'Ravulapalem', 85, 2.60, 'ACTIVE'),
('RAVULAPALEM -> SAMALKOT', 'Ravulapalem', 'Samalkot', 85, 2.60, 'ACTIVE'),
('ELURU -> GUNTUR', 'Eluru', 'Guntur', 90, 2.60, 'ACTIVE'),
('GUNTUR -> ELURU', 'Guntur', 'Eluru', 90, 2.60, 'ACTIVE'),
('VIZIANAGARAM -> ANAKAPALLE', 'Vizianagaram', 'Anakapalle', 90, 2.60, 'ACTIVE'),
('ANAKAPALLE -> VIZIANAGARAM', 'Anakapalle', 'Vizianagaram', 90, 2.60, 'ACTIVE'),
('VISAKHAPATNAM -> TUNI', 'Visakhapatnam', 'Tuni', 95, 2.60, 'ACTIVE'),
('TUNI -> VISAKHAPATNAM', 'Tuni', 'Visakhapatnam', 95, 2.60, 'ACTIVE'),
('GUNTUR -> ONGOLE', 'Guntur', 'Ongole', 110, 2.60, 'ACTIVE'),
('ONGOLE -> GUNTUR', 'Ongole', 'Guntur', 110, 2.60, 'ACTIVE'),
('RAJAHMUNDRY -> BHIMAVARAM', 'Rajahmundry', 'Bhimavaram', 120, 2.60, 'ACTIVE'),
('BHIMAVARAM -> RAJAHMUNDRY', 'Bhimavaram', 'Rajahmundry', 120, 2.60, 'ACTIVE'),
('TUNI -> RAJAHMUNDRY', 'Tuni', 'Rajahmundry', 120, 2.60, 'ACTIVE'),
('RAJAHMUNDRY -> TUNI', 'Rajahmundry', 'Tuni', 120, 2.60, 'ACTIVE'),
('ANAKAPALLE -> SAMALKOT', 'Anakapalle', 'Samalkot', 125, 2.60, 'ACTIVE'),
('SAMALKOT -> ANAKAPALLE', 'Samalkot', 'Anakapalle', 125, 2.60, 'ACTIVE'),
('SRIKAKULAM -> VISAKHAPATNAM', 'Srikakulam', 'Visakhapatnam', 125, 2.60, 'ACTIVE'),
('VISAKHAPATNAM -> SRIKAKULAM', 'Visakhapatnam', 'Srikakulam', 125, 2.60, 'ACTIVE'),
('BHIMAVARAM -> VIJAYAWADA', 'Bhimavaram', 'Vijayawada', 130, 2.60, 'ACTIVE'),
('VIJAYAWADA -> BHIMAVARAM', 'Vijayawada', 'Bhimavaram', 130, 2.60, 'ACTIVE'),
('NELLORE -> TIRUPATI', 'Nellore', 'Tirupati', 130, 2.60, 'ACTIVE'),
('TIRUPATI -> NELLORE', 'Tirupati', 'Nellore', 130, 2.60, 'ACTIVE'),
('ONGOLE -> NELLORE', 'Ongole', 'Nellore', 135, 2.60, 'ACTIVE'),
('NELLORE -> ONGOLE', 'Nellore', 'Ongole', 135, 2.60, 'ACTIVE'),
('TIRUPATI -> KADAPA', 'Tirupati', 'Kadapa', 135, 2.60, 'ACTIVE'),
('KADAPA -> TIRUPATI', 'Kadapa', 'Tirupati', 135, 2.60, 'ACTIVE'),
('ANAKAPALLE -> KAKINADA', 'Anakapalle', 'Kakinada', 140, 2.60, 'ACTIVE'),
('KAKINADA -> ANAKAPALLE', 'Kakinada', 'Anakapalle', 140, 2.60, 'ACTIVE'),
('TUNI -> RAVULAPALEM', 'Tuni', 'Ravulapalem', 145, 2.60, 'ACTIVE'),
('RAVULAPALEM -> TUNI', 'Ravulapalem', 'Tuni', 145, 2.60, 'ACTIVE'),
('VIJAYAWADA -> ONGOLE', 'Vijayawada', 'Ongole', 145, 2.60, 'ACTIVE'),
('ONGOLE -> VIJAYAWADA', 'Ongole', 'Vijayawada', 145, 2.60, 'ACTIVE'),
('KURNOOL -> ANANTAPUR', 'Kurnool', 'Anantapur', 155, 2.68, 'ACTIVE'),
('ANANTAPUR -> KURNOOL', 'Anantapur', 'Kurnool', 155, 2.68, 'ACTIVE'),
('SRIKAKULAM -> ANAKAPALLE', 'Srikakulam', 'Anakapalle', 155, 2.68, 'ACTIVE'),
('ANAKAPALLE -> SRIKAKULAM', 'Anakapalle', 'Srikakulam', 155, 2.68, 'ACTIVE'),
('VISAKHAPATNAM -> SAMALKOT', 'Visakhapatnam', 'Samalkot', 155, 2.68, 'ACTIVE'),
('SAMALKOT -> VISAKHAPATNAM', 'Samalkot', 'Visakhapatnam', 155, 2.68, 'ACTIVE'),
('VIZIANAGARAM -> TUNI', 'Vizianagaram', 'Tuni', 155, 2.68, 'ACTIVE'),
('TUNI -> VIZIANAGARAM', 'Tuni', 'Vizianagaram', 155, 2.68, 'ACTIVE'),
('BHIMAVARAM -> GUNTUR', 'Bhimavaram', 'Guntur', 165, 2.68, 'ACTIVE'),
('GUNTUR -> BHIMAVARAM', 'Guntur', 'Bhimavaram', 165, 2.68, 'ACTIVE'),
('KAKINADA -> BHIMAVARAM', 'Kakinada', 'Bhimavaram', 165, 2.68, 'ACTIVE'),
('BHIMAVARAM -> KAKINADA', 'Bhimavaram', 'Kakinada', 165, 2.68, 'ACTIVE'),
('RAVULAPALEM -> ELURU', 'Ravulapalem', 'Eluru', 170, 2.68, 'ACTIVE'),
('ELURU -> RAVULAPALEM', 'Eluru', 'Ravulapalem', 170, 2.68, 'ACTIVE'),
('VISAKHAPATNAM -> KAKINADA', 'Visakhapatnam', 'Kakinada', 170, 2.68, 'ACTIVE'),
('KAKINADA -> VISAKHAPATNAM', 'Kakinada', 'Visakhapatnam', 170, 2.68, 'ACTIVE'),
('SAMALKOT -> BHIMAVARAM', 'Samalkot', 'Bhimavaram', 180, 2.68, 'ACTIVE'),
('BHIMAVARAM -> SAMALKOT', 'Bhimavaram', 'Samalkot', 180, 2.68, 'ACTIVE'),
('ANAKAPALLE -> RAJAHMUNDRY', 'Anakapalle', 'Rajahmundry', 185, 2.68, 'ACTIVE'),
('RAJAHMUNDRY -> ANAKAPALLE', 'Rajahmundry', 'Anakapalle', 185, 2.68, 'ACTIVE'),
('RAJAHMUNDRY -> ELURU', 'Rajahmundry', 'Eluru', 195, 2.68, 'ACTIVE'),
('ELURU -> RAJAHMUNDRY', 'Eluru', 'Rajahmundry', 195, 2.68, 'ACTIVE'),
('ELURU -> ONGOLE', 'Eluru', 'Ongole', 200, 2.68, 'ACTIVE'),
('ONGOLE -> ELURU', 'Ongole', 'Eluru', 200, 2.68, 'ACTIVE'),
('ANAKAPALLE -> RAVULAPALEM', 'Anakapalle', 'Ravulapalem', 210, 2.68, 'ACTIVE'),
('RAVULAPALEM -> ANAKAPALLE', 'Ravulapalem', 'Anakapalle', 210, 2.68, 'ACTIVE'),
('KADAPA -> KURNOOL', 'Kadapa', 'Kurnool', 215, 2.68, 'ACTIVE'),
('KURNOOL -> KADAPA', 'Kurnool', 'Kadapa', 215, 2.68, 'ACTIVE'),
('VISAKHAPATNAM -> RAJAHMUNDRY', 'Visakhapatnam', 'Rajahmundry', 215, 2.68, 'ACTIVE'),
('RAJAHMUNDRY -> VISAKHAPATNAM', 'Rajahmundry', 'Visakhapatnam', 215, 2.68, 'ACTIVE'),
('VIZIANAGARAM -> SAMALKOT', 'Vizianagaram', 'Samalkot', 215, 2.68, 'ACTIVE'),
('SAMALKOT -> VIZIANAGARAM', 'Samalkot', 'Vizianagaram', 215, 2.68, 'ACTIVE'),
('SRIKAKULAM -> TUNI', 'Srikakulam', 'Tuni', 220, 2.68, 'ACTIVE'),
('TUNI -> SRIKAKULAM', 'Tuni', 'Srikakulam', 220, 2.68, 'ACTIVE'),
('RAVULAPALEM -> VIJAYAWADA', 'Ravulapalem', 'Vijayawada', 225, 2.68, 'ACTIVE'),
('VIJAYAWADA -> RAVULAPALEM', 'Vijayawada', 'Ravulapalem', 225, 2.68, 'ACTIVE'),
('VIZIANAGARAM -> KAKINADA', 'Vizianagaram', 'Kakinada', 230, 2.68, 'ACTIVE'),
('KAKINADA -> VIZIANAGARAM', 'Kakinada', 'Vizianagaram', 230, 2.68, 'ACTIVE'),
('KAKINADA -> ELURU', 'Kakinada', 'Eluru', 240, 2.68, 'ACTIVE'),
('ELURU -> KAKINADA', 'Eluru', 'Kakinada', 240, 2.68, 'ACTIVE'),
('TUNI -> BHIMAVARAM', 'Tuni', 'Bhimavaram', 240, 2.68, 'ACTIVE'),
('BHIMAVARAM -> TUNI', 'Bhimavaram', 'Tuni', 240, 2.68, 'ACTIVE'),
('VISAKHAPATNAM -> RAVULAPALEM', 'Visakhapatnam', 'Ravulapalem', 240, 2.68, 'ACTIVE'),
('RAVULAPALEM -> VISAKHAPATNAM', 'Ravulapalem', 'Visakhapatnam', 240, 2.68, 'ACTIVE'),
('GUNTUR -> NELLORE', 'Guntur', 'Nellore', 245, 2.68, 'ACTIVE'),
('NELLORE -> GUNTUR', 'Nellore', 'Guntur', 245, 2.68, 'ACTIVE'),
('SAMALKOT -> ELURU', 'Samalkot', 'Eluru', 255, 2.78, 'ACTIVE'),
('ELURU -> SAMALKOT', 'Eluru', 'Samalkot', 255, 2.78, 'ACTIVE'),
('RAVULAPALEM -> GUNTUR', 'Ravulapalem', 'Guntur', 260, 2.78, 'ACTIVE'),
('GUNTUR -> RAVULAPALEM', 'Guntur', 'Ravulapalem', 260, 2.78, 'ACTIVE'),
('NELLORE -> KADAPA', 'Nellore', 'Kadapa', 265, 2.78, 'ACTIVE'),
('KADAPA -> NELLORE', 'Kadapa', 'Nellore', 265, 2.78, 'ACTIVE'),
('ONGOLE -> TIRUPATI', 'Ongole', 'Tirupati', 265, 2.78, 'ACTIVE'),
('TIRUPATI -> ONGOLE', 'Tirupati', 'Ongole', 265, 2.78, 'ACTIVE'),
('BHIMAVARAM -> ONGOLE', 'Bhimavaram', 'Ongole', 275, 2.78, 'ACTIVE'),
('ONGOLE -> BHIMAVARAM', 'Ongole', 'Bhimavaram', 275, 2.78, 'ACTIVE'),
('VIZIANAGARAM -> RAJAHMUNDRY', 'Vizianagaram', 'Rajahmundry', 275, 2.78, 'ACTIVE'),
('RAJAHMUNDRY -> VIZIANAGARAM', 'Rajahmundry', 'Vizianagaram', 275, 2.78, 'ACTIVE'),
('SRIKAKULAM -> SAMALKOT', 'Srikakulam', 'Samalkot', 280, 2.78, 'ACTIVE'),
('SAMALKOT -> SRIKAKULAM', 'Samalkot', 'Srikakulam', 280, 2.78, 'ACTIVE'),
('VIJAYAWADA -> NELLORE', 'Vijayawada', 'Nellore', 280, 2.78, 'ACTIVE'),
('NELLORE -> VIJAYAWADA', 'Nellore', 'Vijayawada', 280, 2.78, 'ACTIVE'),
('RAJAHMUNDRY -> GUNTUR', 'Rajahmundry', 'Guntur', 285, 2.78, 'ACTIVE'),
('GUNTUR -> RAJAHMUNDRY', 'Guntur', 'Rajahmundry', 285, 2.78, 'ACTIVE'),
('KAKINADA -> VIJAYAWADA', 'Kakinada', 'Vijayawada', 295, 2.78, 'ACTIVE'),
('VIJAYAWADA -> KAKINADA', 'Vijayawada', 'Kakinada', 295, 2.78, 'ACTIVE'),
('SRIKAKULAM -> KAKINADA', 'Srikakulam', 'Kakinada', 295, 2.78, 'ACTIVE'),
('KAKINADA -> SRIKAKULAM', 'Kakinada', 'Srikakulam', 295, 2.78, 'ACTIVE'),
('VIZIANAGARAM -> RAVULAPALEM', 'Vizianagaram', 'Ravulapalem', 300, 2.78, 'ACTIVE'),
('RAVULAPALEM -> VIZIANAGARAM', 'Ravulapalem', 'Vizianagaram', 300, 2.78, 'ACTIVE'),
('ANAKAPALLE -> BHIMAVARAM', 'Anakapalle', 'Bhimavaram', 305, 2.78, 'ACTIVE'),
('BHIMAVARAM -> ANAKAPALLE', 'Bhimavaram', 'Anakapalle', 305, 2.78, 'ACTIVE'),
('SAMALKOT -> VIJAYAWADA', 'Samalkot', 'Vijayawada', 310, 2.78, 'ACTIVE'),
('VIJAYAWADA -> SAMALKOT', 'Vijayawada', 'Samalkot', 310, 2.78, 'ACTIVE'),
('TUNI -> ELURU', 'Tuni', 'Eluru', 315, 2.78, 'ACTIVE'),
('ELURU -> TUNI', 'Eluru', 'Tuni', 315, 2.78, 'ACTIVE'),
('KAKINADA -> GUNTUR', 'Kakinada', 'Guntur', 330, 2.78, 'ACTIVE'),
('GUNTUR -> KAKINADA', 'Guntur', 'Kakinada', 330, 2.78, 'ACTIVE'),
('ELURU -> NELLORE', 'Eluru', 'Nellore', 335, 2.78, 'ACTIVE'),
('NELLORE -> ELURU', 'Nellore', 'Eluru', 335, 2.78, 'ACTIVE'),
('VISAKHAPATNAM -> BHIMAVARAM', 'Visakhapatnam', 'Bhimavaram', 335, 2.78, 'ACTIVE'),
('BHIMAVARAM -> VISAKHAPATNAM', 'Bhimavaram', 'Visakhapatnam', 335, 2.78, 'ACTIVE'),
('SRIKAKULAM -> RAJAHMUNDRY', 'Srikakulam', 'Rajahmundry', 340, 2.78, 'ACTIVE'),
('RAJAHMUNDRY -> SRIKAKULAM', 'Rajahmundry', 'Srikakulam', 340, 2.78, 'ACTIVE'),
('SAMALKOT -> GUNTUR', 'Samalkot', 'Guntur', 345, 2.78, 'ACTIVE'),
('GUNTUR -> SAMALKOT', 'Guntur', 'Samalkot', 345, 2.78, 'ACTIVE'),
('TIRUPATI -> KURNOOL', 'Tirupati', 'Kurnool', 350, 2.78, 'ACTIVE'),
('KURNOOL -> TIRUPATI', 'Kurnool', 'Tirupati', 350, 2.78, 'ACTIVE'),
('SRIKAKULAM -> RAVULAPALEM', 'Srikakulam', 'Ravulapalem', 365, 2.78, 'ACTIVE'),
('RAVULAPALEM -> SRIKAKULAM', 'Ravulapalem', 'Srikakulam', 365, 2.78, 'ACTIVE'),
('KADAPA -> ANANTAPUR', 'Kadapa', 'Anantapur', 370, 2.78, 'ACTIVE'),
('ANANTAPUR -> KADAPA', 'Anantapur', 'Kadapa', 370, 2.78, 'ACTIVE'),
('RAVULAPALEM -> ONGOLE', 'Ravulapalem', 'Ongole', 370, 2.78, 'ACTIVE'),
('ONGOLE -> RAVULAPALEM', 'Ongole', 'Ravulapalem', 370, 2.78, 'ACTIVE'),
('TUNI -> VIJAYAWADA', 'Tuni', 'Vijayawada', 370, 2.78, 'ACTIVE'),
('VIJAYAWADA -> TUNI', 'Vijayawada', 'Tuni', 370, 2.78, 'ACTIVE'),
('ANAKAPALLE -> ELURU', 'Anakapalle', 'Eluru', 380, 2.78, 'ACTIVE'),
('ELURU -> ANAKAPALLE', 'Eluru', 'Anakapalle', 380, 2.78, 'ACTIVE'),
('RAJAHMUNDRY -> ONGOLE', 'Rajahmundry', 'Ongole', 395, 2.78, 'ACTIVE'),
('ONGOLE -> RAJAHMUNDRY', 'Ongole', 'Rajahmundry', 395, 2.78, 'ACTIVE'),
('VIZIANAGARAM -> BHIMAVARAM', 'Vizianagaram', 'Bhimavaram', 395, 2.78, 'ACTIVE'),
('BHIMAVARAM -> VIZIANAGARAM', 'Bhimavaram', 'Vizianagaram', 395, 2.78, 'ACTIVE'),
('ONGOLE -> KADAPA', 'Ongole', 'Kadapa', 400, 2.78, 'ACTIVE'),
('KADAPA -> ONGOLE', 'Kadapa', 'Ongole', 400, 2.78, 'ACTIVE'),
('TUNI -> GUNTUR', 'Tuni', 'Guntur', 405, 2.88, 'ACTIVE'),
('GUNTUR -> TUNI', 'Guntur', 'Tuni', 405, 2.88, 'ACTIVE'),
('BHIMAVARAM -> NELLORE', 'Bhimavaram', 'Nellore', 410, 2.88, 'ACTIVE'),
('NELLORE -> BHIMAVARAM', 'Nellore', 'Bhimavaram', 410, 2.88, 'ACTIVE'),
('VIJAYAWADA -> TIRUPATI', 'Vijayawada', 'Tirupati', 410, 2.88, 'ACTIVE'),
('TIRUPATI -> VIJAYAWADA', 'Tirupati', 'Vijayawada', 410, 2.88, 'ACTIVE'),
('VISAKHAPATNAM -> ELURU', 'Visakhapatnam', 'Eluru', 410, 2.88, 'ACTIVE'),
('ELURU -> VISAKHAPATNAM', 'Eluru', 'Visakhapatnam', 410, 2.88, 'ACTIVE'),
('ANAKAPALLE -> VIJAYAWADA', 'Anakapalle', 'Vijayawada', 435, 2.88, 'ACTIVE'),
('VIJAYAWADA -> ANAKAPALLE', 'Vijayawada', 'Anakapalle', 435, 2.88, 'ACTIVE'),
('KAKINADA -> ONGOLE', 'Kakinada', 'Ongole', 440, 2.88, 'ACTIVE'),
('ONGOLE -> KAKINADA', 'Ongole', 'Kakinada', 440, 2.88, 'ACTIVE'),
('SAMALKOT -> ONGOLE', 'Samalkot', 'Ongole', 455, 2.88, 'ACTIVE'),
('ONGOLE -> SAMALKOT', 'Ongole', 'Samalkot', 455, 2.88, 'ACTIVE'),
('SRIKAKULAM -> BHIMAVARAM', 'Srikakulam', 'Bhimavaram', 460, 2.88, 'ACTIVE'),
('BHIMAVARAM -> SRIKAKULAM', 'Bhimavaram', 'Srikakulam', 460, 2.88, 'ACTIVE'),
('ELURU -> TIRUPATI', 'Eluru', 'Tirupati', 465, 2.88, 'ACTIVE'),
('TIRUPATI -> ELURU', 'Tirupati', 'Eluru', 465, 2.88, 'ACTIVE'),
('ANAKAPALLE -> GUNTUR', 'Anakapalle', 'Guntur', 470, 2.88, 'ACTIVE'),
('GUNTUR -> ANAKAPALLE', 'Guntur', 'Anakapalle', 470, 2.88, 'ACTIVE'),
('VIZIANAGARAM -> ELURU', 'Vizianagaram', 'Eluru', 470, 2.88, 'ACTIVE'),
('ELURU -> VIZIANAGARAM', 'Eluru', 'Vizianagaram', 470, 2.88, 'ACTIVE'),
('NELLORE -> KURNOOL', 'Nellore', 'Kurnool', 480, 2.88, 'ACTIVE'),
('KURNOOL -> NELLORE', 'Kurnool', 'Nellore', 480, 2.88, 'ACTIVE'),
('VISAKHAPATNAM -> GUNTUR', 'Visakhapatnam', 'Guntur', 500, 2.88, 'ACTIVE'),
('GUNTUR -> VISAKHAPATNAM', 'Guntur', 'Visakhapatnam', 500, 2.88, 'ACTIVE'),
('RAVULAPALEM -> NELLORE', 'Ravulapalem', 'Nellore', 505, 2.88, 'ACTIVE'),
('NELLORE -> RAVULAPALEM', 'Nellore', 'Ravulapalem', 505, 2.88, 'ACTIVE'),
('TIRUPATI -> ANANTAPUR', 'Tirupati', 'Anantapur', 505, 2.88, 'ACTIVE'),
('ANANTAPUR -> TIRUPATI', 'Anantapur', 'Tirupati', 505, 2.88, 'ACTIVE'),
('GUNTUR -> KADAPA', 'Guntur', 'Kadapa', 510, 2.88, 'ACTIVE'),
('KADAPA -> GUNTUR', 'Kadapa', 'Guntur', 510, 2.88, 'ACTIVE'),
('TUNI -> ONGOLE', 'Tuni', 'Ongole', 515, 2.88, 'ACTIVE'),
('ONGOLE -> TUNI', 'Ongole', 'Tuni', 515, 2.88, 'ACTIVE'),
('VIZIANAGARAM -> VIJAYAWADA', 'Vizianagaram', 'Vijayawada', 525, 2.88, 'ACTIVE'),
('VIJAYAWADA -> VIZIANAGARAM', 'Vijayawada', 'Vizianagaram', 525, 2.88, 'ACTIVE'),
('RAJAHMUNDRY -> NELLORE', 'Rajahmundry', 'Nellore', 530, 2.88, 'ACTIVE'),
('NELLORE -> RAJAHMUNDRY', 'Nellore', 'Rajahmundry', 530, 2.88, 'ACTIVE'),
('SRIKAKULAM -> ELURU', 'Srikakulam', 'Eluru', 535, 2.88, 'ACTIVE'),
('ELURU -> SRIKAKULAM', 'Eluru', 'Srikakulam', 535, 2.88, 'ACTIVE'),
('BHIMAVARAM -> TIRUPATI', 'Bhimavaram', 'Tirupati', 540, 2.88, 'ACTIVE'),
('TIRUPATI -> BHIMAVARAM', 'Tirupati', 'Bhimavaram', 540, 2.88, 'ACTIVE'),
('VIJAYAWADA -> KADAPA', 'Vijayawada', 'Kadapa', 545, 2.88, 'ACTIVE'),
('KADAPA -> VIJAYAWADA', 'Kadapa', 'Vijayawada', 545, 2.88, 'ACTIVE'),
('VIZIANAGARAM -> GUNTUR', 'Vizianagaram', 'Guntur', 560, 2.88, 'ACTIVE'),
('GUNTUR -> VIZIANAGARAM', 'Guntur', 'Vizianagaram', 560, 2.88, 'ACTIVE'),
('KAKINADA -> NELLORE', 'Kakinada', 'Nellore', 575, 2.88, 'ACTIVE'),
('NELLORE -> KAKINADA', 'Nellore', 'Kakinada', 575, 2.88, 'ACTIVE'),
('ANAKAPALLE -> ONGOLE', 'Anakapalle', 'Ongole', 580, 2.88, 'ACTIVE'),
('ONGOLE -> ANAKAPALLE', 'Ongole', 'Anakapalle', 580, 2.88, 'ACTIVE'),
('SAMALKOT -> NELLORE', 'Samalkot', 'Nellore', 590, 2.88, 'ACTIVE'),
('NELLORE -> SAMALKOT', 'Nellore', 'Samalkot', 590, 2.88, 'ACTIVE'),
('SRIKAKULAM -> VIJAYAWADA', 'Srikakulam', 'Vijayawada', 590, 2.88, 'ACTIVE'),
('VIJAYAWADA -> SRIKAKULAM', 'Vijayawada', 'Srikakulam', 590, 2.88, 'ACTIVE'),
('ELURU -> KADAPA', 'Eluru', 'Kadapa', 600, 2.88, 'ACTIVE'),
('KADAPA -> ELURU', 'Kadapa', 'Eluru', 600, 2.88, 'ACTIVE'),
('VISAKHAPATNAM -> ONGOLE', 'Visakhapatnam', 'Ongole', 610, 2.98, 'ACTIVE'),
('ONGOLE -> VISAKHAPATNAM', 'Ongole', 'Visakhapatnam', 610, 2.98, 'ACTIVE'),
('ONGOLE -> KURNOOL', 'Ongole', 'Kurnool', 615, 2.98, 'ACTIVE'),
('KURNOOL -> ONGOLE', 'Kurnool', 'Ongole', 615, 2.98, 'ACTIVE'),
('SRIKAKULAM -> GUNTUR', 'Srikakulam', 'Guntur', 625, 2.98, 'ACTIVE'),
('GUNTUR -> SRIKAKULAM', 'Guntur', 'Srikakulam', 625, 2.98, 'ACTIVE'),
('NELLORE -> ANANTAPUR', 'Nellore', 'Anantapur', 635, 2.98, 'ACTIVE'),
('ANANTAPUR -> NELLORE', 'Anantapur', 'Nellore', 635, 2.98, 'ACTIVE'),
('RAVULAPALEM -> TIRUPATI', 'Ravulapalem', 'Tirupati', 635, 2.98, 'ACTIVE'),
('TIRUPATI -> RAVULAPALEM', 'Tirupati', 'Ravulapalem', 635, 2.98, 'ACTIVE'),
('TUNI -> NELLORE', 'Tuni', 'Nellore', 650, 2.98, 'ACTIVE'),
('NELLORE -> TUNI', 'Nellore', 'Tuni', 650, 2.98, 'ACTIVE'),
('RAJAHMUNDRY -> TIRUPATI', 'Rajahmundry', 'Tirupati', 660, 2.98, 'ACTIVE'),
('TIRUPATI -> RAJAHMUNDRY', 'Tirupati', 'Rajahmundry', 660, 2.98, 'ACTIVE'),
('VIZIANAGARAM -> ONGOLE', 'Vizianagaram', 'Ongole', 670, 2.98, 'ACTIVE'),
('ONGOLE -> VIZIANAGARAM', 'Ongole', 'Vizianagaram', 670, 2.98, 'ACTIVE'),
('BHIMAVARAM -> KADAPA', 'Bhimavaram', 'Kadapa', 675, 2.98, 'ACTIVE'),
('KADAPA -> BHIMAVARAM', 'Kadapa', 'Bhimavaram', 675, 2.98, 'ACTIVE'),
('KAKINADA -> TIRUPATI', 'Kakinada', 'Tirupati', 705, 2.98, 'ACTIVE'),
('TIRUPATI -> KAKINADA', 'Tirupati', 'Kakinada', 705, 2.98, 'ACTIVE'),
('ANAKAPALLE -> NELLORE', 'Anakapalle', 'Nellore', 715, 2.98, 'ACTIVE'),
('NELLORE -> ANAKAPALLE', 'Nellore', 'Anakapalle', 715, 2.98, 'ACTIVE'),
('GUNTUR -> KURNOOL', 'Guntur', 'Kurnool', 725, 2.98, 'ACTIVE'),
('KURNOOL -> GUNTUR', 'Kurnool', 'Guntur', 725, 2.98, 'ACTIVE'),
('SRIKAKULAM -> ONGOLE', 'Srikakulam', 'Ongole', 735, 2.98, 'ACTIVE'),
('ONGOLE -> SRIKAKULAM', 'Ongole', 'Srikakulam', 735, 2.98, 'ACTIVE'),
('VISAKHAPATNAM -> NELLORE', 'Visakhapatnam', 'Nellore', 745, 2.98, 'ACTIVE'),
('NELLORE -> VISAKHAPATNAM', 'Nellore', 'Visakhapatnam', 745, 2.98, 'ACTIVE'),
('VIJAYAWADA -> KURNOOL', 'Vijayawada', 'Kurnool', 760, 2.98, 'ACTIVE'),
('KURNOOL -> VIJAYAWADA', 'Kurnool', 'Vijayawada', 760, 2.98, 'ACTIVE'),
('ONGOLE -> ANANTAPUR', 'Ongole', 'Anantapur', 770, 2.98, 'ACTIVE'),
('ANANTAPUR -> ONGOLE', 'Anantapur', 'Ongole', 770, 2.98, 'ACTIVE'),
('RAVULAPALEM -> KADAPA', 'Ravulapalem', 'Kadapa', 770, 2.98, 'ACTIVE'),
('KADAPA -> RAVULAPALEM', 'Kadapa', 'Ravulapalem', 770, 2.98, 'ACTIVE'),
('TUNI -> TIRUPATI', 'Tuni', 'Tirupati', 780, 2.98, 'ACTIVE'),
('TIRUPATI -> TUNI', 'Tirupati', 'Tuni', 780, 2.98, 'ACTIVE'),
('RAJAHMUNDRY -> KADAPA', 'Rajahmundry', 'Kadapa', 795, 2.98, 'ACTIVE'),
('KADAPA -> RAJAHMUNDRY', 'Kadapa', 'Rajahmundry', 795, 2.98, 'ACTIVE'),
('VIZIANAGARAM -> NELLORE', 'Vizianagaram', 'Nellore', 805, 2.98, 'ACTIVE'),
('NELLORE -> VIZIANAGARAM', 'Nellore', 'Vizianagaram', 805, 2.98, 'ACTIVE'),
('ELURU -> KURNOOL', 'Eluru', 'Kurnool', 815, 2.98, 'ACTIVE'),
('KURNOOL -> ELURU', 'Kurnool', 'Eluru', 815, 2.98, 'ACTIVE'),
('KAKINADA -> KADAPA', 'Kakinada', 'Kadapa', 840, 2.98, 'ACTIVE'),
('KADAPA -> KAKINADA', 'Kadapa', 'Kakinada', 840, 2.98, 'ACTIVE'),
('ANAKAPALLE -> TIRUPATI', 'Anakapalle', 'Tirupati', 845, 2.98, 'ACTIVE'),
('TIRUPATI -> ANAKAPALLE', 'Tirupati', 'Anakapalle', 845, 2.98, 'ACTIVE'),
('SAMALKOT -> KADAPA', 'Samalkot', 'Kadapa', 855, 2.98, 'ACTIVE'),
('KADAPA -> SAMALKOT', 'Kadapa', 'Samalkot', 855, 2.98, 'ACTIVE'),
('SRIKAKULAM -> NELLORE', 'Srikakulam', 'Nellore', 870, 2.98, 'ACTIVE'),
('NELLORE -> SRIKAKULAM', 'Nellore', 'Srikakulam', 870, 2.98, 'ACTIVE'),
('VISAKHAPATNAM -> TIRUPATI', 'Visakhapatnam', 'Tirupati', 875, 2.98, 'ACTIVE'),
('TIRUPATI -> VISAKHAPATNAM', 'Tirupati', 'Visakhapatnam', 875, 2.98, 'ACTIVE'),
('GUNTUR -> ANANTAPUR', 'Guntur', 'Anantapur', 880, 2.98, 'ACTIVE'),
('ANANTAPUR -> GUNTUR', 'Anantapur', 'Guntur', 880, 2.98, 'ACTIVE'),
('BHIMAVARAM -> KURNOOL', 'Bhimavaram', 'Kurnool', 890, 2.98, 'ACTIVE'),
('KURNOOL -> BHIMAVARAM', 'Kurnool', 'Bhimavaram', 890, 2.98, 'ACTIVE'),
('TUNI -> KADAPA', 'Tuni', 'Kadapa', 915, 2.98, 'ACTIVE'),
('KADAPA -> TUNI', 'Kadapa', 'Tuni', 915, 2.98, 'ACTIVE'),
('VIJAYAWADA -> ANANTAPUR', 'Vijayawada', 'Anantapur', 915, 2.98, 'ACTIVE'),
('ANANTAPUR -> VIJAYAWADA', 'Anantapur', 'Vijayawada', 915, 2.98, 'ACTIVE'),
('VIZIANAGARAM -> TIRUPATI', 'Vizianagaram', 'Tirupati', 935, 2.98, 'ACTIVE'),
('TIRUPATI -> VIZIANAGARAM', 'Tirupati', 'Vizianagaram', 935, 2.98, 'ACTIVE'),
('ELURU -> ANANTAPUR', 'Eluru', 'Anantapur', 970, 2.98, 'ACTIVE'),
('ANANTAPUR -> ELURU', 'Anantapur', 'Eluru', 970, 2.98, 'ACTIVE'),
('ANAKAPALLE -> KADAPA', 'Anakapalle', 'Kadapa', 980, 2.98, 'ACTIVE'),
('KADAPA -> ANAKAPALLE', 'Kadapa', 'Anakapalle', 980, 2.98, 'ACTIVE'),
('RAVULAPALEM -> KURNOOL', 'Ravulapalem', 'Kurnool', 985, 2.98, 'ACTIVE'),
('KURNOOL -> RAVULAPALEM', 'Kurnool', 'Ravulapalem', 985, 2.98, 'ACTIVE'),
('SRIKAKULAM -> TIRUPATI', 'Srikakulam', 'Tirupati', 1000, 2.98, 'ACTIVE'),
('TIRUPATI -> SRIKAKULAM', 'Tirupati', 'Srikakulam', 1000, 2.98, 'ACTIVE'),
('RAJAHMUNDRY -> KURNOOL', 'Rajahmundry', 'Kurnool', 1010, 2.98, 'ACTIVE'),
('KURNOOL -> RAJAHMUNDRY', 'Kurnool', 'Rajahmundry', 1010, 2.98, 'ACTIVE'),
('VISAKHAPATNAM -> KADAPA', 'Visakhapatnam', 'Kadapa', 1010, 2.98, 'ACTIVE'),
('KADAPA -> VISAKHAPATNAM', 'Kadapa', 'Visakhapatnam', 1010, 2.98, 'ACTIVE'),
('BHIMAVARAM -> ANANTAPUR', 'Bhimavaram', 'Anantapur', 1045, 2.98, 'ACTIVE'),
('ANANTAPUR -> BHIMAVARAM', 'Anantapur', 'Bhimavaram', 1045, 2.98, 'ACTIVE'),
('KAKINADA -> KURNOOL', 'Kakinada', 'Kurnool', 1055, 2.98, 'ACTIVE'),
('KURNOOL -> KAKINADA', 'Kurnool', 'Kakinada', 1055, 2.98, 'ACTIVE'),
('SAMALKOT -> KURNOOL', 'Samalkot', 'Kurnool', 1070, 2.98, 'ACTIVE'),
('KURNOOL -> SAMALKOT', 'Kurnool', 'Samalkot', 1070, 2.98, 'ACTIVE');

PREPARE route_insert_stmt FROM @route_insert_sql;
EXECUTE route_insert_stmt;
DEALLOCATE PREPARE route_insert_stmt;

INSERT IGNORE INTO seed_route_stops (route_name, stop_name, stop_order_value, distance_value) VALUES
('SAMALKOT -> KAKINADA', 'Samalkot', 1, 0),
('SAMALKOT -> KAKINADA', 'Kakinada', 2, 15),
('KAKINADA -> SAMALKOT', 'Kakinada', 1, 0),
('KAKINADA -> SAMALKOT', 'Samalkot', 2, 15),
('RAJAHMUNDRY -> RAVULAPALEM', 'Rajahmundry', 1, 0),
('RAJAHMUNDRY -> RAVULAPALEM', 'Ravulapalem', 2, 25),
('RAVULAPALEM -> RAJAHMUNDRY', 'Ravulapalem', 1, 0),
('RAVULAPALEM -> RAJAHMUNDRY', 'Rajahmundry', 2, 25),
('VISAKHAPATNAM -> ANAKAPALLE', 'Visakhapatnam', 1, 0),
('VISAKHAPATNAM -> ANAKAPALLE', 'Anakapalle', 2, 30),
('ANAKAPALLE -> VISAKHAPATNAM', 'Anakapalle', 1, 0),
('ANAKAPALLE -> VISAKHAPATNAM', 'Visakhapatnam', 2, 30),
('VIJAYAWADA -> GUNTUR', 'Vijayawada', 1, 0),
('VIJAYAWADA -> GUNTUR', 'Guntur', 2, 35),
('GUNTUR -> VIJAYAWADA', 'Guntur', 1, 0),
('GUNTUR -> VIJAYAWADA', 'Vijayawada', 2, 35),
('KAKINADA -> RAJAHMUNDRY', 'Kakinada', 1, 0),
('KAKINADA -> RAJAHMUNDRY', 'Rajahmundry', 2, 45),
('RAJAHMUNDRY -> KAKINADA', 'Rajahmundry', 1, 0),
('RAJAHMUNDRY -> KAKINADA', 'Kakinada', 2, 45),
('ELURU -> VIJAYAWADA', 'Eluru', 1, 0),
('ELURU -> VIJAYAWADA', 'Vijayawada', 2, 55),
('VIJAYAWADA -> ELURU', 'Vijayawada', 1, 0),
('VIJAYAWADA -> ELURU', 'Eluru', 2, 55),
('SAMALKOT -> RAJAHMUNDRY', 'Samalkot', 1, 0),
('SAMALKOT -> RAJAHMUNDRY', 'Kakinada', 2, 15),
('SAMALKOT -> RAJAHMUNDRY', 'Rajahmundry', 3, 60),
('RAJAHMUNDRY -> SAMALKOT', 'Rajahmundry', 1, 0),
('RAJAHMUNDRY -> SAMALKOT', 'Kakinada', 2, 45),
('RAJAHMUNDRY -> SAMALKOT', 'Samalkot', 3, 60),
('TUNI -> SAMALKOT', 'Tuni', 1, 0),
('TUNI -> SAMALKOT', 'Samalkot', 2, 60),
('SAMALKOT -> TUNI', 'Samalkot', 1, 0),
('SAMALKOT -> TUNI', 'Tuni', 2, 60),
('VIZIANAGARAM -> VISAKHAPATNAM', 'Vizianagaram', 1, 0),
('VIZIANAGARAM -> VISAKHAPATNAM', 'Visakhapatnam', 2, 60),
('VISAKHAPATNAM -> VIZIANAGARAM', 'Visakhapatnam', 1, 0),
('VISAKHAPATNAM -> VIZIANAGARAM', 'Vizianagaram', 2, 60),
('ANAKAPALLE -> TUNI', 'Anakapalle', 1, 0),
('ANAKAPALLE -> TUNI', 'Tuni', 2, 65),
('TUNI -> ANAKAPALLE', 'Tuni', 1, 0),
('TUNI -> ANAKAPALLE', 'Anakapalle', 2, 65),
('SRIKAKULAM -> VIZIANAGARAM', 'Srikakulam', 1, 0),
('SRIKAKULAM -> VIZIANAGARAM', 'Vizianagaram', 2, 65),
('VIZIANAGARAM -> SRIKAKULAM', 'Vizianagaram', 1, 0),
('VIZIANAGARAM -> SRIKAKULAM', 'Srikakulam', 2, 65),
('KAKINADA -> RAVULAPALEM', 'Kakinada', 1, 0),
('KAKINADA -> RAVULAPALEM', 'Rajahmundry', 2, 45),
('KAKINADA -> RAVULAPALEM', 'Ravulapalem', 3, 70),
('RAVULAPALEM -> KAKINADA', 'Ravulapalem', 1, 0),
('RAVULAPALEM -> KAKINADA', 'Rajahmundry', 2, 25),
('RAVULAPALEM -> KAKINADA', 'Kakinada', 3, 70),
('BHIMAVARAM -> ELURU', 'Bhimavaram', 1, 0),
('BHIMAVARAM -> ELURU', 'Eluru', 2, 75),
('ELURU -> BHIMAVARAM', 'Eluru', 1, 0),
('ELURU -> BHIMAVARAM', 'Bhimavaram', 2, 75),
('TUNI -> KAKINADA', 'Tuni', 1, 0),
('TUNI -> KAKINADA', 'Samalkot', 2, 60),
('TUNI -> KAKINADA', 'Kakinada', 3, 75),
('KAKINADA -> TUNI', 'Kakinada', 1, 0),
('KAKINADA -> TUNI', 'Samalkot', 2, 15),
('KAKINADA -> TUNI', 'Tuni', 3, 75),
('SAMALKOT -> RAVULAPALEM', 'Samalkot', 1, 0),
('SAMALKOT -> RAVULAPALEM', 'Kakinada', 2, 15),
('SAMALKOT -> RAVULAPALEM', 'Rajahmundry', 3, 60),
('SAMALKOT -> RAVULAPALEM', 'Ravulapalem', 4, 85),
('RAVULAPALEM -> SAMALKOT', 'Ravulapalem', 1, 0),
('RAVULAPALEM -> SAMALKOT', 'Rajahmundry', 2, 25),
('RAVULAPALEM -> SAMALKOT', 'Kakinada', 3, 70),
('RAVULAPALEM -> SAMALKOT', 'Samalkot', 4, 85),
('ELURU -> GUNTUR', 'Eluru', 1, 0),
('ELURU -> GUNTUR', 'Vijayawada', 2, 55),
('ELURU -> GUNTUR', 'Guntur', 3, 90),
('GUNTUR -> ELURU', 'Guntur', 1, 0),
('GUNTUR -> ELURU', 'Vijayawada', 2, 35),
('GUNTUR -> ELURU', 'Eluru', 3, 90),
('VIZIANAGARAM -> ANAKAPALLE', 'Vizianagaram', 1, 0),
('VIZIANAGARAM -> ANAKAPALLE', 'Visakhapatnam', 2, 60),
('VIZIANAGARAM -> ANAKAPALLE', 'Anakapalle', 3, 90),
('ANAKAPALLE -> VIZIANAGARAM', 'Anakapalle', 1, 0),
('ANAKAPALLE -> VIZIANAGARAM', 'Visakhapatnam', 2, 30),
('ANAKAPALLE -> VIZIANAGARAM', 'Vizianagaram', 3, 90),
('VISAKHAPATNAM -> TUNI', 'Visakhapatnam', 1, 0),
('VISAKHAPATNAM -> TUNI', 'Anakapalle', 2, 30),
('VISAKHAPATNAM -> TUNI', 'Tuni', 3, 95),
('TUNI -> VISAKHAPATNAM', 'Tuni', 1, 0),
('TUNI -> VISAKHAPATNAM', 'Anakapalle', 2, 65),
('TUNI -> VISAKHAPATNAM', 'Visakhapatnam', 3, 95),
('GUNTUR -> ONGOLE', 'Guntur', 1, 0),
('GUNTUR -> ONGOLE', 'Ongole', 2, 110),
('ONGOLE -> GUNTUR', 'Ongole', 1, 0),
('ONGOLE -> GUNTUR', 'Guntur', 2, 110),
('RAJAHMUNDRY -> BHIMAVARAM', 'Rajahmundry', 1, 0),
('RAJAHMUNDRY -> BHIMAVARAM', 'Ravulapalem', 2, 25),
('RAJAHMUNDRY -> BHIMAVARAM', 'Bhimavaram', 3, 120),
('BHIMAVARAM -> RAJAHMUNDRY', 'Bhimavaram', 1, 0),
('BHIMAVARAM -> RAJAHMUNDRY', 'Ravulapalem', 2, 95),
('BHIMAVARAM -> RAJAHMUNDRY', 'Rajahmundry', 3, 120),
('TUNI -> RAJAHMUNDRY', 'Tuni', 1, 0),
('TUNI -> RAJAHMUNDRY', 'Samalkot', 2, 60),
('TUNI -> RAJAHMUNDRY', 'Kakinada', 3, 75),
('TUNI -> RAJAHMUNDRY', 'Rajahmundry', 4, 120),
('RAJAHMUNDRY -> TUNI', 'Rajahmundry', 1, 0),
('RAJAHMUNDRY -> TUNI', 'Kakinada', 2, 45),
('RAJAHMUNDRY -> TUNI', 'Samalkot', 3, 60),
('RAJAHMUNDRY -> TUNI', 'Tuni', 4, 120),
('ANAKAPALLE -> SAMALKOT', 'Anakapalle', 1, 0),
('ANAKAPALLE -> SAMALKOT', 'Tuni', 2, 65),
('ANAKAPALLE -> SAMALKOT', 'Samalkot', 3, 125),
('SAMALKOT -> ANAKAPALLE', 'Samalkot', 1, 0),
('SAMALKOT -> ANAKAPALLE', 'Tuni', 2, 60),
('SAMALKOT -> ANAKAPALLE', 'Anakapalle', 3, 125),
('SRIKAKULAM -> VISAKHAPATNAM', 'Srikakulam', 1, 0),
('SRIKAKULAM -> VISAKHAPATNAM', 'Vizianagaram', 2, 65),
('SRIKAKULAM -> VISAKHAPATNAM', 'Visakhapatnam', 3, 125),
('VISAKHAPATNAM -> SRIKAKULAM', 'Visakhapatnam', 1, 0),
('VISAKHAPATNAM -> SRIKAKULAM', 'Vizianagaram', 2, 60),
('VISAKHAPATNAM -> SRIKAKULAM', 'Srikakulam', 3, 125),
('BHIMAVARAM -> VIJAYAWADA', 'Bhimavaram', 1, 0),
('BHIMAVARAM -> VIJAYAWADA', 'Eluru', 2, 75),
('BHIMAVARAM -> VIJAYAWADA', 'Vijayawada', 3, 130),
('VIJAYAWADA -> BHIMAVARAM', 'Vijayawada', 1, 0),
('VIJAYAWADA -> BHIMAVARAM', 'Eluru', 2, 55),
('VIJAYAWADA -> BHIMAVARAM', 'Bhimavaram', 3, 130),
('NELLORE -> TIRUPATI', 'Nellore', 1, 0),
('NELLORE -> TIRUPATI', 'Tirupati', 2, 130),
('TIRUPATI -> NELLORE', 'Tirupati', 1, 0),
('TIRUPATI -> NELLORE', 'Nellore', 2, 130),
('ONGOLE -> NELLORE', 'Ongole', 1, 0),
('ONGOLE -> NELLORE', 'Nellore', 2, 135),
('NELLORE -> ONGOLE', 'Nellore', 1, 0),
('NELLORE -> ONGOLE', 'Ongole', 2, 135),
('TIRUPATI -> KADAPA', 'Tirupati', 1, 0),
('TIRUPATI -> KADAPA', 'Kadapa', 2, 135),
('KADAPA -> TIRUPATI', 'Kadapa', 1, 0),
('KADAPA -> TIRUPATI', 'Tirupati', 2, 135),
('ANAKAPALLE -> KAKINADA', 'Anakapalle', 1, 0),
('ANAKAPALLE -> KAKINADA', 'Tuni', 2, 65),
('ANAKAPALLE -> KAKINADA', 'Samalkot', 3, 125),
('ANAKAPALLE -> KAKINADA', 'Kakinada', 4, 140),
('KAKINADA -> ANAKAPALLE', 'Kakinada', 1, 0),
('KAKINADA -> ANAKAPALLE', 'Samalkot', 2, 15),
('KAKINADA -> ANAKAPALLE', 'Tuni', 3, 75),
('KAKINADA -> ANAKAPALLE', 'Anakapalle', 4, 140),
('TUNI -> RAVULAPALEM', 'Tuni', 1, 0),
('TUNI -> RAVULAPALEM', 'Samalkot', 2, 60),
('TUNI -> RAVULAPALEM', 'Kakinada', 3, 75),
('TUNI -> RAVULAPALEM', 'Rajahmundry', 4, 120),
('TUNI -> RAVULAPALEM', 'Ravulapalem', 5, 145),
('RAVULAPALEM -> TUNI', 'Ravulapalem', 1, 0),
('RAVULAPALEM -> TUNI', 'Rajahmundry', 2, 25),
('RAVULAPALEM -> TUNI', 'Kakinada', 3, 70),
('RAVULAPALEM -> TUNI', 'Samalkot', 4, 85),
('RAVULAPALEM -> TUNI', 'Tuni', 5, 145),
('VIJAYAWADA -> ONGOLE', 'Vijayawada', 1, 0),
('VIJAYAWADA -> ONGOLE', 'Guntur', 2, 35),
('VIJAYAWADA -> ONGOLE', 'Ongole', 3, 145),
('ONGOLE -> VIJAYAWADA', 'Ongole', 1, 0),
('ONGOLE -> VIJAYAWADA', 'Guntur', 2, 110),
('ONGOLE -> VIJAYAWADA', 'Vijayawada', 3, 145),
('KURNOOL -> ANANTAPUR', 'Kurnool', 1, 0),
('KURNOOL -> ANANTAPUR', 'Anantapur', 2, 155),
('ANANTAPUR -> KURNOOL', 'Anantapur', 1, 0),
('ANANTAPUR -> KURNOOL', 'Kurnool', 2, 155),
('SRIKAKULAM -> ANAKAPALLE', 'Srikakulam', 1, 0),
('SRIKAKULAM -> ANAKAPALLE', 'Vizianagaram', 2, 65),
('SRIKAKULAM -> ANAKAPALLE', 'Visakhapatnam', 3, 125),
('SRIKAKULAM -> ANAKAPALLE', 'Anakapalle', 4, 155),
('ANAKAPALLE -> SRIKAKULAM', 'Anakapalle', 1, 0),
('ANAKAPALLE -> SRIKAKULAM', 'Visakhapatnam', 2, 30),
('ANAKAPALLE -> SRIKAKULAM', 'Vizianagaram', 3, 90),
('ANAKAPALLE -> SRIKAKULAM', 'Srikakulam', 4, 155),
('VISAKHAPATNAM -> SAMALKOT', 'Visakhapatnam', 1, 0),
('VISAKHAPATNAM -> SAMALKOT', 'Anakapalle', 2, 30),
('VISAKHAPATNAM -> SAMALKOT', 'Tuni', 3, 95),
('VISAKHAPATNAM -> SAMALKOT', 'Samalkot', 4, 155),
('SAMALKOT -> VISAKHAPATNAM', 'Samalkot', 1, 0),
('SAMALKOT -> VISAKHAPATNAM', 'Tuni', 2, 60),
('SAMALKOT -> VISAKHAPATNAM', 'Anakapalle', 3, 125),
('SAMALKOT -> VISAKHAPATNAM', 'Visakhapatnam', 4, 155),
('VIZIANAGARAM -> TUNI', 'Vizianagaram', 1, 0),
('VIZIANAGARAM -> TUNI', 'Visakhapatnam', 2, 60),
('VIZIANAGARAM -> TUNI', 'Anakapalle', 3, 90),
('VIZIANAGARAM -> TUNI', 'Tuni', 4, 155),
('TUNI -> VIZIANAGARAM', 'Tuni', 1, 0),
('TUNI -> VIZIANAGARAM', 'Anakapalle', 2, 65),
('TUNI -> VIZIANAGARAM', 'Visakhapatnam', 3, 95),
('TUNI -> VIZIANAGARAM', 'Vizianagaram', 4, 155),
('BHIMAVARAM -> GUNTUR', 'Bhimavaram', 1, 0),
('BHIMAVARAM -> GUNTUR', 'Eluru', 2, 75),
('BHIMAVARAM -> GUNTUR', 'Vijayawada', 3, 130),
('BHIMAVARAM -> GUNTUR', 'Guntur', 4, 165),
('GUNTUR -> BHIMAVARAM', 'Guntur', 1, 0),
('GUNTUR -> BHIMAVARAM', 'Vijayawada', 2, 35),
('GUNTUR -> BHIMAVARAM', 'Eluru', 3, 90),
('GUNTUR -> BHIMAVARAM', 'Bhimavaram', 4, 165),
('KAKINADA -> BHIMAVARAM', 'Kakinada', 1, 0),
('KAKINADA -> BHIMAVARAM', 'Rajahmundry', 2, 45),
('KAKINADA -> BHIMAVARAM', 'Ravulapalem', 3, 70),
('KAKINADA -> BHIMAVARAM', 'Bhimavaram', 4, 165),
('BHIMAVARAM -> KAKINADA', 'Bhimavaram', 1, 0),
('BHIMAVARAM -> KAKINADA', 'Ravulapalem', 2, 95),
('BHIMAVARAM -> KAKINADA', 'Rajahmundry', 3, 120),
('BHIMAVARAM -> KAKINADA', 'Kakinada', 4, 165),
('RAVULAPALEM -> ELURU', 'Ravulapalem', 1, 0),
('RAVULAPALEM -> ELURU', 'Bhimavaram', 2, 95),
('RAVULAPALEM -> ELURU', 'Eluru', 3, 170),
('ELURU -> RAVULAPALEM', 'Eluru', 1, 0),
('ELURU -> RAVULAPALEM', 'Bhimavaram', 2, 75),
('ELURU -> RAVULAPALEM', 'Ravulapalem', 3, 170),
('VISAKHAPATNAM -> KAKINADA', 'Visakhapatnam', 1, 0),
('VISAKHAPATNAM -> KAKINADA', 'Anakapalle', 2, 30),
('VISAKHAPATNAM -> KAKINADA', 'Tuni', 3, 95),
('VISAKHAPATNAM -> KAKINADA', 'Samalkot', 4, 155),
('VISAKHAPATNAM -> KAKINADA', 'Kakinada', 5, 170),
('KAKINADA -> VISAKHAPATNAM', 'Kakinada', 1, 0),
('KAKINADA -> VISAKHAPATNAM', 'Samalkot', 2, 15),
('KAKINADA -> VISAKHAPATNAM', 'Tuni', 3, 75),
('KAKINADA -> VISAKHAPATNAM', 'Anakapalle', 4, 140),
('KAKINADA -> VISAKHAPATNAM', 'Visakhapatnam', 5, 170),
('SAMALKOT -> BHIMAVARAM', 'Samalkot', 1, 0),
('SAMALKOT -> BHIMAVARAM', 'Kakinada', 2, 15),
('SAMALKOT -> BHIMAVARAM', 'Rajahmundry', 3, 60),
('SAMALKOT -> BHIMAVARAM', 'Ravulapalem', 4, 85),
('SAMALKOT -> BHIMAVARAM', 'Bhimavaram', 5, 180),
('BHIMAVARAM -> SAMALKOT', 'Bhimavaram', 1, 0),
('BHIMAVARAM -> SAMALKOT', 'Ravulapalem', 2, 95),
('BHIMAVARAM -> SAMALKOT', 'Rajahmundry', 3, 120),
('BHIMAVARAM -> SAMALKOT', 'Kakinada', 4, 165),
('BHIMAVARAM -> SAMALKOT', 'Samalkot', 5, 180),
('ANAKAPALLE -> RAJAHMUNDRY', 'Anakapalle', 1, 0),
('ANAKAPALLE -> RAJAHMUNDRY', 'Tuni', 2, 65),
('ANAKAPALLE -> RAJAHMUNDRY', 'Samalkot', 3, 125),
('ANAKAPALLE -> RAJAHMUNDRY', 'Kakinada', 4, 140),
('ANAKAPALLE -> RAJAHMUNDRY', 'Rajahmundry', 5, 185),
('RAJAHMUNDRY -> ANAKAPALLE', 'Rajahmundry', 1, 0),
('RAJAHMUNDRY -> ANAKAPALLE', 'Kakinada', 2, 45),
('RAJAHMUNDRY -> ANAKAPALLE', 'Samalkot', 3, 60),
('RAJAHMUNDRY -> ANAKAPALLE', 'Tuni', 4, 120),
('RAJAHMUNDRY -> ANAKAPALLE', 'Anakapalle', 5, 185),
('RAJAHMUNDRY -> ELURU', 'Rajahmundry', 1, 0),
('RAJAHMUNDRY -> ELURU', 'Ravulapalem', 2, 25),
('RAJAHMUNDRY -> ELURU', 'Bhimavaram', 3, 120),
('RAJAHMUNDRY -> ELURU', 'Eluru', 4, 195),
('ELURU -> RAJAHMUNDRY', 'Eluru', 1, 0),
('ELURU -> RAJAHMUNDRY', 'Bhimavaram', 2, 75),
('ELURU -> RAJAHMUNDRY', 'Ravulapalem', 3, 170),
('ELURU -> RAJAHMUNDRY', 'Rajahmundry', 4, 195),
('ELURU -> ONGOLE', 'Eluru', 1, 0),
('ELURU -> ONGOLE', 'Vijayawada', 2, 55),
('ELURU -> ONGOLE', 'Guntur', 3, 90),
('ELURU -> ONGOLE', 'Ongole', 4, 200),
('ONGOLE -> ELURU', 'Ongole', 1, 0),
('ONGOLE -> ELURU', 'Guntur', 2, 110),
('ONGOLE -> ELURU', 'Vijayawada', 3, 145),
('ONGOLE -> ELURU', 'Eluru', 4, 200),
('ANAKAPALLE -> RAVULAPALEM', 'Anakapalle', 1, 0),
('ANAKAPALLE -> RAVULAPALEM', 'Tuni', 2, 65),
('ANAKAPALLE -> RAVULAPALEM', 'Samalkot', 3, 125),
('ANAKAPALLE -> RAVULAPALEM', 'Kakinada', 4, 140),
('ANAKAPALLE -> RAVULAPALEM', 'Rajahmundry', 5, 185),
('ANAKAPALLE -> RAVULAPALEM', 'Ravulapalem', 6, 210),
('RAVULAPALEM -> ANAKAPALLE', 'Ravulapalem', 1, 0),
('RAVULAPALEM -> ANAKAPALLE', 'Rajahmundry', 2, 25),
('RAVULAPALEM -> ANAKAPALLE', 'Kakinada', 3, 70),
('RAVULAPALEM -> ANAKAPALLE', 'Samalkot', 4, 85),
('RAVULAPALEM -> ANAKAPALLE', 'Tuni', 5, 145),
('RAVULAPALEM -> ANAKAPALLE', 'Anakapalle', 6, 210),
('KADAPA -> KURNOOL', 'Kadapa', 1, 0),
('KADAPA -> KURNOOL', 'Kurnool', 2, 215),
('KURNOOL -> KADAPA', 'Kurnool', 1, 0),
('KURNOOL -> KADAPA', 'Kadapa', 2, 215),
('VISAKHAPATNAM -> RAJAHMUNDRY', 'Visakhapatnam', 1, 0),
('VISAKHAPATNAM -> RAJAHMUNDRY', 'Anakapalle', 2, 30),
('VISAKHAPATNAM -> RAJAHMUNDRY', 'Tuni', 3, 95),
('VISAKHAPATNAM -> RAJAHMUNDRY', 'Samalkot', 4, 155),
('VISAKHAPATNAM -> RAJAHMUNDRY', 'Kakinada', 5, 170),
('VISAKHAPATNAM -> RAJAHMUNDRY', 'Rajahmundry', 6, 215),
('RAJAHMUNDRY -> VISAKHAPATNAM', 'Rajahmundry', 1, 0),
('RAJAHMUNDRY -> VISAKHAPATNAM', 'Kakinada', 2, 45),
('RAJAHMUNDRY -> VISAKHAPATNAM', 'Samalkot', 3, 60),
('RAJAHMUNDRY -> VISAKHAPATNAM', 'Tuni', 4, 120),
('RAJAHMUNDRY -> VISAKHAPATNAM', 'Anakapalle', 5, 185),
('RAJAHMUNDRY -> VISAKHAPATNAM', 'Visakhapatnam', 6, 215),
('VIZIANAGARAM -> SAMALKOT', 'Vizianagaram', 1, 0),
('VIZIANAGARAM -> SAMALKOT', 'Visakhapatnam', 2, 60),
('VIZIANAGARAM -> SAMALKOT', 'Anakapalle', 3, 90),
('VIZIANAGARAM -> SAMALKOT', 'Tuni', 4, 155),
('VIZIANAGARAM -> SAMALKOT', 'Samalkot', 5, 215),
('SAMALKOT -> VIZIANAGARAM', 'Samalkot', 1, 0),
('SAMALKOT -> VIZIANAGARAM', 'Tuni', 2, 60),
('SAMALKOT -> VIZIANAGARAM', 'Anakapalle', 3, 125),
('SAMALKOT -> VIZIANAGARAM', 'Visakhapatnam', 4, 155),
('SAMALKOT -> VIZIANAGARAM', 'Vizianagaram', 5, 215),
('SRIKAKULAM -> TUNI', 'Srikakulam', 1, 0),
('SRIKAKULAM -> TUNI', 'Vizianagaram', 2, 65),
('SRIKAKULAM -> TUNI', 'Visakhapatnam', 3, 125),
('SRIKAKULAM -> TUNI', 'Anakapalle', 4, 155),
('SRIKAKULAM -> TUNI', 'Tuni', 5, 220),
('TUNI -> SRIKAKULAM', 'Tuni', 1, 0),
('TUNI -> SRIKAKULAM', 'Anakapalle', 2, 65),
('TUNI -> SRIKAKULAM', 'Visakhapatnam', 3, 95),
('TUNI -> SRIKAKULAM', 'Vizianagaram', 4, 155),
('TUNI -> SRIKAKULAM', 'Srikakulam', 5, 220),
('RAVULAPALEM -> VIJAYAWADA', 'Ravulapalem', 1, 0),
('RAVULAPALEM -> VIJAYAWADA', 'Bhimavaram', 2, 95),
('RAVULAPALEM -> VIJAYAWADA', 'Eluru', 3, 170),
('RAVULAPALEM -> VIJAYAWADA', 'Vijayawada', 4, 225),
('VIJAYAWADA -> RAVULAPALEM', 'Vijayawada', 1, 0),
('VIJAYAWADA -> RAVULAPALEM', 'Eluru', 2, 55),
('VIJAYAWADA -> RAVULAPALEM', 'Bhimavaram', 3, 130),
('VIJAYAWADA -> RAVULAPALEM', 'Ravulapalem', 4, 225),
('VIZIANAGARAM -> KAKINADA', 'Vizianagaram', 1, 0),
('VIZIANAGARAM -> KAKINADA', 'Visakhapatnam', 2, 60),
('VIZIANAGARAM -> KAKINADA', 'Anakapalle', 3, 90),
('VIZIANAGARAM -> KAKINADA', 'Tuni', 4, 155),
('VIZIANAGARAM -> KAKINADA', 'Samalkot', 5, 215),
('VIZIANAGARAM -> KAKINADA', 'Kakinada', 6, 230),
('KAKINADA -> VIZIANAGARAM', 'Kakinada', 1, 0),
('KAKINADA -> VIZIANAGARAM', 'Samalkot', 2, 15),
('KAKINADA -> VIZIANAGARAM', 'Tuni', 3, 75),
('KAKINADA -> VIZIANAGARAM', 'Anakapalle', 4, 140),
('KAKINADA -> VIZIANAGARAM', 'Visakhapatnam', 5, 170),
('KAKINADA -> VIZIANAGARAM', 'Vizianagaram', 6, 230),
('KAKINADA -> ELURU', 'Kakinada', 1, 0),
('KAKINADA -> ELURU', 'Rajahmundry', 2, 45),
('KAKINADA -> ELURU', 'Ravulapalem', 3, 70),
('KAKINADA -> ELURU', 'Bhimavaram', 4, 165),
('KAKINADA -> ELURU', 'Eluru', 5, 240),
('ELURU -> KAKINADA', 'Eluru', 1, 0),
('ELURU -> KAKINADA', 'Bhimavaram', 2, 75),
('ELURU -> KAKINADA', 'Ravulapalem', 3, 170),
('ELURU -> KAKINADA', 'Rajahmundry', 4, 195),
('ELURU -> KAKINADA', 'Kakinada', 5, 240),
('TUNI -> BHIMAVARAM', 'Tuni', 1, 0),
('TUNI -> BHIMAVARAM', 'Samalkot', 2, 60),
('TUNI -> BHIMAVARAM', 'Kakinada', 3, 75),
('TUNI -> BHIMAVARAM', 'Rajahmundry', 4, 120),
('TUNI -> BHIMAVARAM', 'Ravulapalem', 5, 145),
('TUNI -> BHIMAVARAM', 'Bhimavaram', 6, 240),
('BHIMAVARAM -> TUNI', 'Bhimavaram', 1, 0),
('BHIMAVARAM -> TUNI', 'Ravulapalem', 2, 95),
('BHIMAVARAM -> TUNI', 'Rajahmundry', 3, 120),
('BHIMAVARAM -> TUNI', 'Kakinada', 4, 165),
('BHIMAVARAM -> TUNI', 'Samalkot', 5, 180),
('BHIMAVARAM -> TUNI', 'Tuni', 6, 240),
('VISAKHAPATNAM -> RAVULAPALEM', 'Visakhapatnam', 1, 0),
('VISAKHAPATNAM -> RAVULAPALEM', 'Anakapalle', 2, 30),
('VISAKHAPATNAM -> RAVULAPALEM', 'Tuni', 3, 95),
('VISAKHAPATNAM -> RAVULAPALEM', 'Samalkot', 4, 155),
('VISAKHAPATNAM -> RAVULAPALEM', 'Kakinada', 5, 170),
('VISAKHAPATNAM -> RAVULAPALEM', 'Rajahmundry', 6, 215),
('VISAKHAPATNAM -> RAVULAPALEM', 'Ravulapalem', 7, 240),
('RAVULAPALEM -> VISAKHAPATNAM', 'Ravulapalem', 1, 0),
('RAVULAPALEM -> VISAKHAPATNAM', 'Rajahmundry', 2, 25),
('RAVULAPALEM -> VISAKHAPATNAM', 'Kakinada', 3, 70),
('RAVULAPALEM -> VISAKHAPATNAM', 'Samalkot', 4, 85),
('RAVULAPALEM -> VISAKHAPATNAM', 'Tuni', 5, 145),
('RAVULAPALEM -> VISAKHAPATNAM', 'Anakapalle', 6, 210),
('RAVULAPALEM -> VISAKHAPATNAM', 'Visakhapatnam', 7, 240),
('GUNTUR -> NELLORE', 'Guntur', 1, 0),
('GUNTUR -> NELLORE', 'Ongole', 2, 110),
('GUNTUR -> NELLORE', 'Nellore', 3, 245),
('NELLORE -> GUNTUR', 'Nellore', 1, 0),
('NELLORE -> GUNTUR', 'Ongole', 2, 135),
('NELLORE -> GUNTUR', 'Guntur', 3, 245),
('SAMALKOT -> ELURU', 'Samalkot', 1, 0),
('SAMALKOT -> ELURU', 'Kakinada', 2, 15),
('SAMALKOT -> ELURU', 'Rajahmundry', 3, 60),
('SAMALKOT -> ELURU', 'Ravulapalem', 4, 85),
('SAMALKOT -> ELURU', 'Bhimavaram', 5, 180),
('SAMALKOT -> ELURU', 'Eluru', 6, 255),
('ELURU -> SAMALKOT', 'Eluru', 1, 0),
('ELURU -> SAMALKOT', 'Bhimavaram', 2, 75),
('ELURU -> SAMALKOT', 'Ravulapalem', 3, 170),
('ELURU -> SAMALKOT', 'Rajahmundry', 4, 195),
('ELURU -> SAMALKOT', 'Kakinada', 5, 240),
('ELURU -> SAMALKOT', 'Samalkot', 6, 255),
('RAVULAPALEM -> GUNTUR', 'Ravulapalem', 1, 0),
('RAVULAPALEM -> GUNTUR', 'Bhimavaram', 2, 95),
('RAVULAPALEM -> GUNTUR', 'Eluru', 3, 170),
('RAVULAPALEM -> GUNTUR', 'Vijayawada', 4, 225),
('RAVULAPALEM -> GUNTUR', 'Guntur', 5, 260),
('GUNTUR -> RAVULAPALEM', 'Guntur', 1, 0),
('GUNTUR -> RAVULAPALEM', 'Vijayawada', 2, 35),
('GUNTUR -> RAVULAPALEM', 'Eluru', 3, 90),
('GUNTUR -> RAVULAPALEM', 'Bhimavaram', 4, 165),
('GUNTUR -> RAVULAPALEM', 'Ravulapalem', 5, 260),
('NELLORE -> KADAPA', 'Nellore', 1, 0),
('NELLORE -> KADAPA', 'Tirupati', 2, 130),
('NELLORE -> KADAPA', 'Kadapa', 3, 265),
('KADAPA -> NELLORE', 'Kadapa', 1, 0),
('KADAPA -> NELLORE', 'Tirupati', 2, 135),
('KADAPA -> NELLORE', 'Nellore', 3, 265),
('ONGOLE -> TIRUPATI', 'Ongole', 1, 0),
('ONGOLE -> TIRUPATI', 'Nellore', 2, 135),
('ONGOLE -> TIRUPATI', 'Tirupati', 3, 265),
('TIRUPATI -> ONGOLE', 'Tirupati', 1, 0),
('TIRUPATI -> ONGOLE', 'Nellore', 2, 130),
('TIRUPATI -> ONGOLE', 'Ongole', 3, 265),
('BHIMAVARAM -> ONGOLE', 'Bhimavaram', 1, 0),
('BHIMAVARAM -> ONGOLE', 'Eluru', 2, 75),
('BHIMAVARAM -> ONGOLE', 'Vijayawada', 3, 130),
('BHIMAVARAM -> ONGOLE', 'Guntur', 4, 165),
('BHIMAVARAM -> ONGOLE', 'Ongole', 5, 275),
('ONGOLE -> BHIMAVARAM', 'Ongole', 1, 0),
('ONGOLE -> BHIMAVARAM', 'Guntur', 2, 110),
('ONGOLE -> BHIMAVARAM', 'Vijayawada', 3, 145),
('ONGOLE -> BHIMAVARAM', 'Eluru', 4, 200),
('ONGOLE -> BHIMAVARAM', 'Bhimavaram', 5, 275),
('VIZIANAGARAM -> RAJAHMUNDRY', 'Vizianagaram', 1, 0),
('VIZIANAGARAM -> RAJAHMUNDRY', 'Visakhapatnam', 2, 60),
('VIZIANAGARAM -> RAJAHMUNDRY', 'Anakapalle', 3, 90),
('VIZIANAGARAM -> RAJAHMUNDRY', 'Tuni', 4, 155),
('VIZIANAGARAM -> RAJAHMUNDRY', 'Samalkot', 5, 215),
('VIZIANAGARAM -> RAJAHMUNDRY', 'Kakinada', 6, 230),
('VIZIANAGARAM -> RAJAHMUNDRY', 'Rajahmundry', 7, 275),
('RAJAHMUNDRY -> VIZIANAGARAM', 'Rajahmundry', 1, 0),
('RAJAHMUNDRY -> VIZIANAGARAM', 'Kakinada', 2, 45),
('RAJAHMUNDRY -> VIZIANAGARAM', 'Samalkot', 3, 60),
('RAJAHMUNDRY -> VIZIANAGARAM', 'Tuni', 4, 120),
('RAJAHMUNDRY -> VIZIANAGARAM', 'Anakapalle', 5, 185),
('RAJAHMUNDRY -> VIZIANAGARAM', 'Visakhapatnam', 6, 215),
('RAJAHMUNDRY -> VIZIANAGARAM', 'Vizianagaram', 7, 275),
('SRIKAKULAM -> SAMALKOT', 'Srikakulam', 1, 0),
('SRIKAKULAM -> SAMALKOT', 'Vizianagaram', 2, 65),
('SRIKAKULAM -> SAMALKOT', 'Visakhapatnam', 3, 125),
('SRIKAKULAM -> SAMALKOT', 'Anakapalle', 4, 155),
('SRIKAKULAM -> SAMALKOT', 'Tuni', 5, 220),
('SRIKAKULAM -> SAMALKOT', 'Samalkot', 6, 280),
('SAMALKOT -> SRIKAKULAM', 'Samalkot', 1, 0),
('SAMALKOT -> SRIKAKULAM', 'Tuni', 2, 60),
('SAMALKOT -> SRIKAKULAM', 'Anakapalle', 3, 125),
('SAMALKOT -> SRIKAKULAM', 'Visakhapatnam', 4, 155),
('SAMALKOT -> SRIKAKULAM', 'Vizianagaram', 5, 215),
('SAMALKOT -> SRIKAKULAM', 'Srikakulam', 6, 280),
('VIJAYAWADA -> NELLORE', 'Vijayawada', 1, 0),
('VIJAYAWADA -> NELLORE', 'Guntur', 2, 35),
('VIJAYAWADA -> NELLORE', 'Ongole', 3, 145),
('VIJAYAWADA -> NELLORE', 'Nellore', 4, 280),
('NELLORE -> VIJAYAWADA', 'Nellore', 1, 0),
('NELLORE -> VIJAYAWADA', 'Ongole', 2, 135),
('NELLORE -> VIJAYAWADA', 'Guntur', 3, 245),
('NELLORE -> VIJAYAWADA', 'Vijayawada', 4, 280),
('RAJAHMUNDRY -> GUNTUR', 'Rajahmundry', 1, 0),
('RAJAHMUNDRY -> GUNTUR', 'Ravulapalem', 2, 25),
('RAJAHMUNDRY -> GUNTUR', 'Bhimavaram', 3, 120),
('RAJAHMUNDRY -> GUNTUR', 'Eluru', 4, 195),
('RAJAHMUNDRY -> GUNTUR', 'Vijayawada', 5, 250),
('RAJAHMUNDRY -> GUNTUR', 'Guntur', 6, 285),
('GUNTUR -> RAJAHMUNDRY', 'Guntur', 1, 0),
('GUNTUR -> RAJAHMUNDRY', 'Vijayawada', 2, 35),
('GUNTUR -> RAJAHMUNDRY', 'Eluru', 3, 90),
('GUNTUR -> RAJAHMUNDRY', 'Bhimavaram', 4, 165),
('GUNTUR -> RAJAHMUNDRY', 'Ravulapalem', 5, 260),
('GUNTUR -> RAJAHMUNDRY', 'Rajahmundry', 6, 285),
('KAKINADA -> VIJAYAWADA', 'Kakinada', 1, 0),
('KAKINADA -> VIJAYAWADA', 'Rajahmundry', 2, 45),
('KAKINADA -> VIJAYAWADA', 'Ravulapalem', 3, 70),
('KAKINADA -> VIJAYAWADA', 'Bhimavaram', 4, 165),
('KAKINADA -> VIJAYAWADA', 'Eluru', 5, 240),
('KAKINADA -> VIJAYAWADA', 'Vijayawada', 6, 295),
('VIJAYAWADA -> KAKINADA', 'Vijayawada', 1, 0),
('VIJAYAWADA -> KAKINADA', 'Eluru', 2, 55),
('VIJAYAWADA -> KAKINADA', 'Bhimavaram', 3, 130),
('VIJAYAWADA -> KAKINADA', 'Ravulapalem', 4, 225),
('VIJAYAWADA -> KAKINADA', 'Rajahmundry', 5, 250),
('VIJAYAWADA -> KAKINADA', 'Kakinada', 6, 295),
('SRIKAKULAM -> KAKINADA', 'Srikakulam', 1, 0),
('SRIKAKULAM -> KAKINADA', 'Vizianagaram', 2, 65),
('SRIKAKULAM -> KAKINADA', 'Visakhapatnam', 3, 125),
('SRIKAKULAM -> KAKINADA', 'Anakapalle', 4, 155),
('SRIKAKULAM -> KAKINADA', 'Tuni', 5, 220),
('SRIKAKULAM -> KAKINADA', 'Samalkot', 6, 280),
('SRIKAKULAM -> KAKINADA', 'Kakinada', 7, 295),
('KAKINADA -> SRIKAKULAM', 'Kakinada', 1, 0),
('KAKINADA -> SRIKAKULAM', 'Samalkot', 2, 15),
('KAKINADA -> SRIKAKULAM', 'Tuni', 3, 75),
('KAKINADA -> SRIKAKULAM', 'Anakapalle', 4, 140),
('KAKINADA -> SRIKAKULAM', 'Visakhapatnam', 5, 170),
('KAKINADA -> SRIKAKULAM', 'Vizianagaram', 6, 230),
('KAKINADA -> SRIKAKULAM', 'Srikakulam', 7, 295),
('VIZIANAGARAM -> RAVULAPALEM', 'Vizianagaram', 1, 0),
('VIZIANAGARAM -> RAVULAPALEM', 'Visakhapatnam', 2, 60),
('VIZIANAGARAM -> RAVULAPALEM', 'Anakapalle', 3, 90),
('VIZIANAGARAM -> RAVULAPALEM', 'Tuni', 4, 155),
('VIZIANAGARAM -> RAVULAPALEM', 'Samalkot', 5, 215),
('VIZIANAGARAM -> RAVULAPALEM', 'Kakinada', 6, 230),
('VIZIANAGARAM -> RAVULAPALEM', 'Rajahmundry', 7, 275),
('VIZIANAGARAM -> RAVULAPALEM', 'Ravulapalem', 8, 300),
('RAVULAPALEM -> VIZIANAGARAM', 'Ravulapalem', 1, 0),
('RAVULAPALEM -> VIZIANAGARAM', 'Rajahmundry', 2, 25),
('RAVULAPALEM -> VIZIANAGARAM', 'Kakinada', 3, 70),
('RAVULAPALEM -> VIZIANAGARAM', 'Samalkot', 4, 85),
('RAVULAPALEM -> VIZIANAGARAM', 'Tuni', 5, 145),
('RAVULAPALEM -> VIZIANAGARAM', 'Anakapalle', 6, 210),
('RAVULAPALEM -> VIZIANAGARAM', 'Visakhapatnam', 7, 240),
('RAVULAPALEM -> VIZIANAGARAM', 'Vizianagaram', 8, 300),
('ANAKAPALLE -> BHIMAVARAM', 'Anakapalle', 1, 0),
('ANAKAPALLE -> BHIMAVARAM', 'Tuni', 2, 65),
('ANAKAPALLE -> BHIMAVARAM', 'Samalkot', 3, 125),
('ANAKAPALLE -> BHIMAVARAM', 'Kakinada', 4, 140),
('ANAKAPALLE -> BHIMAVARAM', 'Rajahmundry', 5, 185),
('ANAKAPALLE -> BHIMAVARAM', 'Ravulapalem', 6, 210),
('ANAKAPALLE -> BHIMAVARAM', 'Bhimavaram', 7, 305),
('BHIMAVARAM -> ANAKAPALLE', 'Bhimavaram', 1, 0),
('BHIMAVARAM -> ANAKAPALLE', 'Ravulapalem', 2, 95),
('BHIMAVARAM -> ANAKAPALLE', 'Rajahmundry', 3, 120),
('BHIMAVARAM -> ANAKAPALLE', 'Kakinada', 4, 165),
('BHIMAVARAM -> ANAKAPALLE', 'Samalkot', 5, 180),
('BHIMAVARAM -> ANAKAPALLE', 'Tuni', 6, 240),
('BHIMAVARAM -> ANAKAPALLE', 'Anakapalle', 7, 305),
('SAMALKOT -> VIJAYAWADA', 'Samalkot', 1, 0),
('SAMALKOT -> VIJAYAWADA', 'Kakinada', 2, 15),
('SAMALKOT -> VIJAYAWADA', 'Rajahmundry', 3, 60),
('SAMALKOT -> VIJAYAWADA', 'Ravulapalem', 4, 85),
('SAMALKOT -> VIJAYAWADA', 'Bhimavaram', 5, 180),
('SAMALKOT -> VIJAYAWADA', 'Eluru', 6, 255),
('SAMALKOT -> VIJAYAWADA', 'Vijayawada', 7, 310),
('VIJAYAWADA -> SAMALKOT', 'Vijayawada', 1, 0),
('VIJAYAWADA -> SAMALKOT', 'Eluru', 2, 55),
('VIJAYAWADA -> SAMALKOT', 'Bhimavaram', 3, 130),
('VIJAYAWADA -> SAMALKOT', 'Ravulapalem', 4, 225),
('VIJAYAWADA -> SAMALKOT', 'Rajahmundry', 5, 250),
('VIJAYAWADA -> SAMALKOT', 'Kakinada', 6, 295),
('VIJAYAWADA -> SAMALKOT', 'Samalkot', 7, 310),
('TUNI -> ELURU', 'Tuni', 1, 0),
('TUNI -> ELURU', 'Samalkot', 2, 60),
('TUNI -> ELURU', 'Kakinada', 3, 75),
('TUNI -> ELURU', 'Rajahmundry', 4, 120),
('TUNI -> ELURU', 'Ravulapalem', 5, 145),
('TUNI -> ELURU', 'Bhimavaram', 6, 240),
('TUNI -> ELURU', 'Eluru', 7, 315),
('ELURU -> TUNI', 'Eluru', 1, 0),
('ELURU -> TUNI', 'Bhimavaram', 2, 75),
('ELURU -> TUNI', 'Ravulapalem', 3, 170),
('ELURU -> TUNI', 'Rajahmundry', 4, 195),
('ELURU -> TUNI', 'Kakinada', 5, 240),
('ELURU -> TUNI', 'Samalkot', 6, 255),
('ELURU -> TUNI', 'Tuni', 7, 315),
('KAKINADA -> GUNTUR', 'Kakinada', 1, 0),
('KAKINADA -> GUNTUR', 'Rajahmundry', 2, 45),
('KAKINADA -> GUNTUR', 'Ravulapalem', 3, 70),
('KAKINADA -> GUNTUR', 'Bhimavaram', 4, 165),
('KAKINADA -> GUNTUR', 'Eluru', 5, 240),
('KAKINADA -> GUNTUR', 'Vijayawada', 6, 295),
('KAKINADA -> GUNTUR', 'Guntur', 7, 330),
('GUNTUR -> KAKINADA', 'Guntur', 1, 0),
('GUNTUR -> KAKINADA', 'Vijayawada', 2, 35),
('GUNTUR -> KAKINADA', 'Eluru', 3, 90),
('GUNTUR -> KAKINADA', 'Bhimavaram', 4, 165),
('GUNTUR -> KAKINADA', 'Ravulapalem', 5, 260),
('GUNTUR -> KAKINADA', 'Rajahmundry', 6, 285),
('GUNTUR -> KAKINADA', 'Kakinada', 7, 330),
('ELURU -> NELLORE', 'Eluru', 1, 0),
('ELURU -> NELLORE', 'Vijayawada', 2, 55),
('ELURU -> NELLORE', 'Guntur', 3, 90),
('ELURU -> NELLORE', 'Ongole', 4, 200),
('ELURU -> NELLORE', 'Nellore', 5, 335),
('NELLORE -> ELURU', 'Nellore', 1, 0),
('NELLORE -> ELURU', 'Ongole', 2, 135),
('NELLORE -> ELURU', 'Guntur', 3, 245),
('NELLORE -> ELURU', 'Vijayawada', 4, 280),
('NELLORE -> ELURU', 'Eluru', 5, 335),
('VISAKHAPATNAM -> BHIMAVARAM', 'Visakhapatnam', 1, 0),
('VISAKHAPATNAM -> BHIMAVARAM', 'Anakapalle', 2, 30),
('VISAKHAPATNAM -> BHIMAVARAM', 'Tuni', 3, 95),
('VISAKHAPATNAM -> BHIMAVARAM', 'Samalkot', 4, 155),
('VISAKHAPATNAM -> BHIMAVARAM', 'Kakinada', 5, 170),
('VISAKHAPATNAM -> BHIMAVARAM', 'Rajahmundry', 6, 215),
('VISAKHAPATNAM -> BHIMAVARAM', 'Ravulapalem', 7, 240),
('VISAKHAPATNAM -> BHIMAVARAM', 'Bhimavaram', 8, 335),
('BHIMAVARAM -> VISAKHAPATNAM', 'Bhimavaram', 1, 0),
('BHIMAVARAM -> VISAKHAPATNAM', 'Ravulapalem', 2, 95),
('BHIMAVARAM -> VISAKHAPATNAM', 'Rajahmundry', 3, 120),
('BHIMAVARAM -> VISAKHAPATNAM', 'Kakinada', 4, 165),
('BHIMAVARAM -> VISAKHAPATNAM', 'Samalkot', 5, 180),
('BHIMAVARAM -> VISAKHAPATNAM', 'Tuni', 6, 240),
('BHIMAVARAM -> VISAKHAPATNAM', 'Anakapalle', 7, 305),
('BHIMAVARAM -> VISAKHAPATNAM', 'Visakhapatnam', 8, 335),
('SRIKAKULAM -> RAJAHMUNDRY', 'Srikakulam', 1, 0),
('SRIKAKULAM -> RAJAHMUNDRY', 'Vizianagaram', 2, 65),
('SRIKAKULAM -> RAJAHMUNDRY', 'Visakhapatnam', 3, 125),
('SRIKAKULAM -> RAJAHMUNDRY', 'Anakapalle', 4, 155),
('SRIKAKULAM -> RAJAHMUNDRY', 'Tuni', 5, 220),
('SRIKAKULAM -> RAJAHMUNDRY', 'Samalkot', 6, 280),
('SRIKAKULAM -> RAJAHMUNDRY', 'Kakinada', 7, 295),
('SRIKAKULAM -> RAJAHMUNDRY', 'Rajahmundry', 8, 340),
('RAJAHMUNDRY -> SRIKAKULAM', 'Rajahmundry', 1, 0),
('RAJAHMUNDRY -> SRIKAKULAM', 'Kakinada', 2, 45),
('RAJAHMUNDRY -> SRIKAKULAM', 'Samalkot', 3, 60),
('RAJAHMUNDRY -> SRIKAKULAM', 'Tuni', 4, 120),
('RAJAHMUNDRY -> SRIKAKULAM', 'Anakapalle', 5, 185),
('RAJAHMUNDRY -> SRIKAKULAM', 'Visakhapatnam', 6, 215),
('RAJAHMUNDRY -> SRIKAKULAM', 'Vizianagaram', 7, 275),
('RAJAHMUNDRY -> SRIKAKULAM', 'Srikakulam', 8, 340),
('SAMALKOT -> GUNTUR', 'Samalkot', 1, 0),
('SAMALKOT -> GUNTUR', 'Kakinada', 2, 15),
('SAMALKOT -> GUNTUR', 'Rajahmundry', 3, 60),
('SAMALKOT -> GUNTUR', 'Ravulapalem', 4, 85),
('SAMALKOT -> GUNTUR', 'Bhimavaram', 5, 180),
('SAMALKOT -> GUNTUR', 'Eluru', 6, 255),
('SAMALKOT -> GUNTUR', 'Vijayawada', 7, 310),
('SAMALKOT -> GUNTUR', 'Guntur', 8, 345),
('GUNTUR -> SAMALKOT', 'Guntur', 1, 0),
('GUNTUR -> SAMALKOT', 'Vijayawada', 2, 35),
('GUNTUR -> SAMALKOT', 'Eluru', 3, 90),
('GUNTUR -> SAMALKOT', 'Bhimavaram', 4, 165),
('GUNTUR -> SAMALKOT', 'Ravulapalem', 5, 260),
('GUNTUR -> SAMALKOT', 'Rajahmundry', 6, 285),
('GUNTUR -> SAMALKOT', 'Kakinada', 7, 330),
('GUNTUR -> SAMALKOT', 'Samalkot', 8, 345),
('TIRUPATI -> KURNOOL', 'Tirupati', 1, 0),
('TIRUPATI -> KURNOOL', 'Kadapa', 2, 135),
('TIRUPATI -> KURNOOL', 'Kurnool', 3, 350),
('KURNOOL -> TIRUPATI', 'Kurnool', 1, 0),
('KURNOOL -> TIRUPATI', 'Kadapa', 2, 215),
('KURNOOL -> TIRUPATI', 'Tirupati', 3, 350),
('SRIKAKULAM -> RAVULAPALEM', 'Srikakulam', 1, 0),
('SRIKAKULAM -> RAVULAPALEM', 'Vizianagaram', 2, 65),
('SRIKAKULAM -> RAVULAPALEM', 'Visakhapatnam', 3, 125),
('SRIKAKULAM -> RAVULAPALEM', 'Anakapalle', 4, 155),
('SRIKAKULAM -> RAVULAPALEM', 'Tuni', 5, 220),
('SRIKAKULAM -> RAVULAPALEM', 'Samalkot', 6, 280),
('SRIKAKULAM -> RAVULAPALEM', 'Kakinada', 7, 295),
('SRIKAKULAM -> RAVULAPALEM', 'Rajahmundry', 8, 340),
('SRIKAKULAM -> RAVULAPALEM', 'Ravulapalem', 9, 365),
('RAVULAPALEM -> SRIKAKULAM', 'Ravulapalem', 1, 0),
('RAVULAPALEM -> SRIKAKULAM', 'Rajahmundry', 2, 25),
('RAVULAPALEM -> SRIKAKULAM', 'Kakinada', 3, 70),
('RAVULAPALEM -> SRIKAKULAM', 'Samalkot', 4, 85),
('RAVULAPALEM -> SRIKAKULAM', 'Tuni', 5, 145),
('RAVULAPALEM -> SRIKAKULAM', 'Anakapalle', 6, 210),
('RAVULAPALEM -> SRIKAKULAM', 'Visakhapatnam', 7, 240),
('RAVULAPALEM -> SRIKAKULAM', 'Vizianagaram', 8, 300),
('RAVULAPALEM -> SRIKAKULAM', 'Srikakulam', 9, 365),
('KADAPA -> ANANTAPUR', 'Kadapa', 1, 0),
('KADAPA -> ANANTAPUR', 'Kurnool', 2, 215),
('KADAPA -> ANANTAPUR', 'Anantapur', 3, 370),
('ANANTAPUR -> KADAPA', 'Anantapur', 1, 0),
('ANANTAPUR -> KADAPA', 'Kurnool', 2, 155),
('ANANTAPUR -> KADAPA', 'Kadapa', 3, 370),
('RAVULAPALEM -> ONGOLE', 'Ravulapalem', 1, 0),
('RAVULAPALEM -> ONGOLE', 'Bhimavaram', 2, 95),
('RAVULAPALEM -> ONGOLE', 'Eluru', 3, 170),
('RAVULAPALEM -> ONGOLE', 'Vijayawada', 4, 225),
('RAVULAPALEM -> ONGOLE', 'Guntur', 5, 260),
('RAVULAPALEM -> ONGOLE', 'Ongole', 6, 370),
('ONGOLE -> RAVULAPALEM', 'Ongole', 1, 0),
('ONGOLE -> RAVULAPALEM', 'Guntur', 2, 110),
('ONGOLE -> RAVULAPALEM', 'Vijayawada', 3, 145),
('ONGOLE -> RAVULAPALEM', 'Eluru', 4, 200),
('ONGOLE -> RAVULAPALEM', 'Bhimavaram', 5, 275),
('ONGOLE -> RAVULAPALEM', 'Ravulapalem', 6, 370),
('TUNI -> VIJAYAWADA', 'Tuni', 1, 0),
('TUNI -> VIJAYAWADA', 'Samalkot', 2, 60),
('TUNI -> VIJAYAWADA', 'Kakinada', 3, 75),
('TUNI -> VIJAYAWADA', 'Rajahmundry', 4, 120),
('TUNI -> VIJAYAWADA', 'Ravulapalem', 5, 145),
('TUNI -> VIJAYAWADA', 'Bhimavaram', 6, 240),
('TUNI -> VIJAYAWADA', 'Eluru', 7, 315),
('TUNI -> VIJAYAWADA', 'Vijayawada', 8, 370),
('VIJAYAWADA -> TUNI', 'Vijayawada', 1, 0),
('VIJAYAWADA -> TUNI', 'Eluru', 2, 55),
('VIJAYAWADA -> TUNI', 'Bhimavaram', 3, 130),
('VIJAYAWADA -> TUNI', 'Ravulapalem', 4, 225),
('VIJAYAWADA -> TUNI', 'Rajahmundry', 5, 250),
('VIJAYAWADA -> TUNI', 'Kakinada', 6, 295),
('VIJAYAWADA -> TUNI', 'Samalkot', 7, 310),
('VIJAYAWADA -> TUNI', 'Tuni', 8, 370),
('ANAKAPALLE -> ELURU', 'Anakapalle', 1, 0),
('ANAKAPALLE -> ELURU', 'Tuni', 2, 65),
('ANAKAPALLE -> ELURU', 'Samalkot', 3, 125),
('ANAKAPALLE -> ELURU', 'Kakinada', 4, 140),
('ANAKAPALLE -> ELURU', 'Rajahmundry', 5, 185),
('ANAKAPALLE -> ELURU', 'Ravulapalem', 6, 210),
('ANAKAPALLE -> ELURU', 'Bhimavaram', 7, 305),
('ANAKAPALLE -> ELURU', 'Eluru', 8, 380),
('ELURU -> ANAKAPALLE', 'Eluru', 1, 0),
('ELURU -> ANAKAPALLE', 'Bhimavaram', 2, 75),
('ELURU -> ANAKAPALLE', 'Ravulapalem', 3, 170),
('ELURU -> ANAKAPALLE', 'Rajahmundry', 4, 195),
('ELURU -> ANAKAPALLE', 'Kakinada', 5, 240),
('ELURU -> ANAKAPALLE', 'Samalkot', 6, 255),
('ELURU -> ANAKAPALLE', 'Tuni', 7, 315),
('ELURU -> ANAKAPALLE', 'Anakapalle', 8, 380),
('RAJAHMUNDRY -> ONGOLE', 'Rajahmundry', 1, 0),
('RAJAHMUNDRY -> ONGOLE', 'Ravulapalem', 2, 25),
('RAJAHMUNDRY -> ONGOLE', 'Bhimavaram', 3, 120),
('RAJAHMUNDRY -> ONGOLE', 'Eluru', 4, 195),
('RAJAHMUNDRY -> ONGOLE', 'Vijayawada', 5, 250),
('RAJAHMUNDRY -> ONGOLE', 'Guntur', 6, 285),
('RAJAHMUNDRY -> ONGOLE', 'Ongole', 7, 395),
('ONGOLE -> RAJAHMUNDRY', 'Ongole', 1, 0),
('ONGOLE -> RAJAHMUNDRY', 'Guntur', 2, 110),
('ONGOLE -> RAJAHMUNDRY', 'Vijayawada', 3, 145),
('ONGOLE -> RAJAHMUNDRY', 'Eluru', 4, 200),
('ONGOLE -> RAJAHMUNDRY', 'Bhimavaram', 5, 275),
('ONGOLE -> RAJAHMUNDRY', 'Ravulapalem', 6, 370),
('ONGOLE -> RAJAHMUNDRY', 'Rajahmundry', 7, 395),
('VIZIANAGARAM -> BHIMAVARAM', 'Vizianagaram', 1, 0),
('VIZIANAGARAM -> BHIMAVARAM', 'Visakhapatnam', 2, 60),
('VIZIANAGARAM -> BHIMAVARAM', 'Anakapalle', 3, 90),
('VIZIANAGARAM -> BHIMAVARAM', 'Tuni', 4, 155),
('VIZIANAGARAM -> BHIMAVARAM', 'Samalkot', 5, 215),
('VIZIANAGARAM -> BHIMAVARAM', 'Kakinada', 6, 230),
('VIZIANAGARAM -> BHIMAVARAM', 'Rajahmundry', 7, 275),
('VIZIANAGARAM -> BHIMAVARAM', 'Ravulapalem', 8, 300),
('VIZIANAGARAM -> BHIMAVARAM', 'Bhimavaram', 9, 395),
('BHIMAVARAM -> VIZIANAGARAM', 'Bhimavaram', 1, 0),
('BHIMAVARAM -> VIZIANAGARAM', 'Ravulapalem', 2, 95),
('BHIMAVARAM -> VIZIANAGARAM', 'Rajahmundry', 3, 120),
('BHIMAVARAM -> VIZIANAGARAM', 'Kakinada', 4, 165),
('BHIMAVARAM -> VIZIANAGARAM', 'Samalkot', 5, 180),
('BHIMAVARAM -> VIZIANAGARAM', 'Tuni', 6, 240),
('BHIMAVARAM -> VIZIANAGARAM', 'Anakapalle', 7, 305),
('BHIMAVARAM -> VIZIANAGARAM', 'Visakhapatnam', 8, 335),
('BHIMAVARAM -> VIZIANAGARAM', 'Vizianagaram', 9, 395),
('ONGOLE -> KADAPA', 'Ongole', 1, 0),
('ONGOLE -> KADAPA', 'Nellore', 2, 135),
('ONGOLE -> KADAPA', 'Tirupati', 3, 265),
('ONGOLE -> KADAPA', 'Kadapa', 4, 400),
('KADAPA -> ONGOLE', 'Kadapa', 1, 0),
('KADAPA -> ONGOLE', 'Tirupati', 2, 135),
('KADAPA -> ONGOLE', 'Nellore', 3, 265),
('KADAPA -> ONGOLE', 'Ongole', 4, 400),
('TUNI -> GUNTUR', 'Tuni', 1, 0),
('TUNI -> GUNTUR', 'Samalkot', 2, 60),
('TUNI -> GUNTUR', 'Kakinada', 3, 75),
('TUNI -> GUNTUR', 'Rajahmundry', 4, 120),
('TUNI -> GUNTUR', 'Ravulapalem', 5, 145),
('TUNI -> GUNTUR', 'Bhimavaram', 6, 240),
('TUNI -> GUNTUR', 'Eluru', 7, 315),
('TUNI -> GUNTUR', 'Vijayawada', 8, 370),
('TUNI -> GUNTUR', 'Guntur', 9, 405),
('GUNTUR -> TUNI', 'Guntur', 1, 0),
('GUNTUR -> TUNI', 'Vijayawada', 2, 35),
('GUNTUR -> TUNI', 'Eluru', 3, 90),
('GUNTUR -> TUNI', 'Bhimavaram', 4, 165),
('GUNTUR -> TUNI', 'Ravulapalem', 5, 260),
('GUNTUR -> TUNI', 'Rajahmundry', 6, 285),
('GUNTUR -> TUNI', 'Kakinada', 7, 330),
('GUNTUR -> TUNI', 'Samalkot', 8, 345),
('GUNTUR -> TUNI', 'Tuni', 9, 405),
('BHIMAVARAM -> NELLORE', 'Bhimavaram', 1, 0),
('BHIMAVARAM -> NELLORE', 'Eluru', 2, 75),
('BHIMAVARAM -> NELLORE', 'Vijayawada', 3, 130),
('BHIMAVARAM -> NELLORE', 'Guntur', 4, 165),
('BHIMAVARAM -> NELLORE', 'Ongole', 5, 275),
('BHIMAVARAM -> NELLORE', 'Nellore', 6, 410),
('NELLORE -> BHIMAVARAM', 'Nellore', 1, 0),
('NELLORE -> BHIMAVARAM', 'Ongole', 2, 135),
('NELLORE -> BHIMAVARAM', 'Guntur', 3, 245),
('NELLORE -> BHIMAVARAM', 'Vijayawada', 4, 280),
('NELLORE -> BHIMAVARAM', 'Eluru', 5, 335),
('NELLORE -> BHIMAVARAM', 'Bhimavaram', 6, 410),
('VIJAYAWADA -> TIRUPATI', 'Vijayawada', 1, 0),
('VIJAYAWADA -> TIRUPATI', 'Guntur', 2, 35),
('VIJAYAWADA -> TIRUPATI', 'Ongole', 3, 145),
('VIJAYAWADA -> TIRUPATI', 'Nellore', 4, 280),
('VIJAYAWADA -> TIRUPATI', 'Tirupati', 5, 410),
('TIRUPATI -> VIJAYAWADA', 'Tirupati', 1, 0),
('TIRUPATI -> VIJAYAWADA', 'Nellore', 2, 130),
('TIRUPATI -> VIJAYAWADA', 'Ongole', 3, 265),
('TIRUPATI -> VIJAYAWADA', 'Guntur', 4, 375),
('TIRUPATI -> VIJAYAWADA', 'Vijayawada', 5, 410),
('VISAKHAPATNAM -> ELURU', 'Visakhapatnam', 1, 0),
('VISAKHAPATNAM -> ELURU', 'Anakapalle', 2, 30),
('VISAKHAPATNAM -> ELURU', 'Tuni', 3, 95),
('VISAKHAPATNAM -> ELURU', 'Samalkot', 4, 155),
('VISAKHAPATNAM -> ELURU', 'Kakinada', 5, 170),
('VISAKHAPATNAM -> ELURU', 'Rajahmundry', 6, 215),
('VISAKHAPATNAM -> ELURU', 'Ravulapalem', 7, 240),
('VISAKHAPATNAM -> ELURU', 'Bhimavaram', 8, 335),
('VISAKHAPATNAM -> ELURU', 'Eluru', 9, 410),
('ELURU -> VISAKHAPATNAM', 'Eluru', 1, 0),
('ELURU -> VISAKHAPATNAM', 'Bhimavaram', 2, 75),
('ELURU -> VISAKHAPATNAM', 'Ravulapalem', 3, 170),
('ELURU -> VISAKHAPATNAM', 'Rajahmundry', 4, 195),
('ELURU -> VISAKHAPATNAM', 'Kakinada', 5, 240),
('ELURU -> VISAKHAPATNAM', 'Samalkot', 6, 255),
('ELURU -> VISAKHAPATNAM', 'Tuni', 7, 315),
('ELURU -> VISAKHAPATNAM', 'Anakapalle', 8, 380),
('ELURU -> VISAKHAPATNAM', 'Visakhapatnam', 9, 410),
('ANAKAPALLE -> VIJAYAWADA', 'Anakapalle', 1, 0),
('ANAKAPALLE -> VIJAYAWADA', 'Tuni', 2, 65),
('ANAKAPALLE -> VIJAYAWADA', 'Samalkot', 3, 125),
('ANAKAPALLE -> VIJAYAWADA', 'Kakinada', 4, 140),
('ANAKAPALLE -> VIJAYAWADA', 'Rajahmundry', 5, 185),
('ANAKAPALLE -> VIJAYAWADA', 'Ravulapalem', 6, 210),
('ANAKAPALLE -> VIJAYAWADA', 'Bhimavaram', 7, 305),
('ANAKAPALLE -> VIJAYAWADA', 'Eluru', 8, 380),
('ANAKAPALLE -> VIJAYAWADA', 'Vijayawada', 9, 435),
('VIJAYAWADA -> ANAKAPALLE', 'Vijayawada', 1, 0),
('VIJAYAWADA -> ANAKAPALLE', 'Eluru', 2, 55),
('VIJAYAWADA -> ANAKAPALLE', 'Bhimavaram', 3, 130),
('VIJAYAWADA -> ANAKAPALLE', 'Ravulapalem', 4, 225),
('VIJAYAWADA -> ANAKAPALLE', 'Rajahmundry', 5, 250),
('VIJAYAWADA -> ANAKAPALLE', 'Kakinada', 6, 295),
('VIJAYAWADA -> ANAKAPALLE', 'Samalkot', 7, 310),
('VIJAYAWADA -> ANAKAPALLE', 'Tuni', 8, 370),
('VIJAYAWADA -> ANAKAPALLE', 'Anakapalle', 9, 435),
('KAKINADA -> ONGOLE', 'Kakinada', 1, 0),
('KAKINADA -> ONGOLE', 'Rajahmundry', 2, 45),
('KAKINADA -> ONGOLE', 'Ravulapalem', 3, 70),
('KAKINADA -> ONGOLE', 'Bhimavaram', 4, 165),
('KAKINADA -> ONGOLE', 'Eluru', 5, 240),
('KAKINADA -> ONGOLE', 'Vijayawada', 6, 295),
('KAKINADA -> ONGOLE', 'Guntur', 7, 330),
('KAKINADA -> ONGOLE', 'Ongole', 8, 440),
('ONGOLE -> KAKINADA', 'Ongole', 1, 0),
('ONGOLE -> KAKINADA', 'Guntur', 2, 110),
('ONGOLE -> KAKINADA', 'Vijayawada', 3, 145),
('ONGOLE -> KAKINADA', 'Eluru', 4, 200),
('ONGOLE -> KAKINADA', 'Bhimavaram', 5, 275),
('ONGOLE -> KAKINADA', 'Ravulapalem', 6, 370),
('ONGOLE -> KAKINADA', 'Rajahmundry', 7, 395),
('ONGOLE -> KAKINADA', 'Kakinada', 8, 440),
('SAMALKOT -> ONGOLE', 'Samalkot', 1, 0),
('SAMALKOT -> ONGOLE', 'Kakinada', 2, 15),
('SAMALKOT -> ONGOLE', 'Rajahmundry', 3, 60),
('SAMALKOT -> ONGOLE', 'Ravulapalem', 4, 85),
('SAMALKOT -> ONGOLE', 'Bhimavaram', 5, 180),
('SAMALKOT -> ONGOLE', 'Eluru', 6, 255),
('SAMALKOT -> ONGOLE', 'Vijayawada', 7, 310),
('SAMALKOT -> ONGOLE', 'Guntur', 8, 345),
('SAMALKOT -> ONGOLE', 'Ongole', 9, 455),
('ONGOLE -> SAMALKOT', 'Ongole', 1, 0),
('ONGOLE -> SAMALKOT', 'Guntur', 2, 110),
('ONGOLE -> SAMALKOT', 'Vijayawada', 3, 145),
('ONGOLE -> SAMALKOT', 'Eluru', 4, 200),
('ONGOLE -> SAMALKOT', 'Bhimavaram', 5, 275),
('ONGOLE -> SAMALKOT', 'Ravulapalem', 6, 370),
('ONGOLE -> SAMALKOT', 'Rajahmundry', 7, 395),
('ONGOLE -> SAMALKOT', 'Kakinada', 8, 440),
('ONGOLE -> SAMALKOT', 'Samalkot', 9, 455),
('SRIKAKULAM -> BHIMAVARAM', 'Srikakulam', 1, 0),
('SRIKAKULAM -> BHIMAVARAM', 'Vizianagaram', 2, 65),
('SRIKAKULAM -> BHIMAVARAM', 'Visakhapatnam', 3, 125),
('SRIKAKULAM -> BHIMAVARAM', 'Anakapalle', 4, 155),
('SRIKAKULAM -> BHIMAVARAM', 'Tuni', 5, 220),
('SRIKAKULAM -> BHIMAVARAM', 'Samalkot', 6, 280),
('SRIKAKULAM -> BHIMAVARAM', 'Kakinada', 7, 295),
('SRIKAKULAM -> BHIMAVARAM', 'Rajahmundry', 8, 340),
('SRIKAKULAM -> BHIMAVARAM', 'Ravulapalem', 9, 365),
('SRIKAKULAM -> BHIMAVARAM', 'Bhimavaram', 10, 460),
('BHIMAVARAM -> SRIKAKULAM', 'Bhimavaram', 1, 0),
('BHIMAVARAM -> SRIKAKULAM', 'Ravulapalem', 2, 95),
('BHIMAVARAM -> SRIKAKULAM', 'Rajahmundry', 3, 120),
('BHIMAVARAM -> SRIKAKULAM', 'Kakinada', 4, 165),
('BHIMAVARAM -> SRIKAKULAM', 'Samalkot', 5, 180),
('BHIMAVARAM -> SRIKAKULAM', 'Tuni', 6, 240),
('BHIMAVARAM -> SRIKAKULAM', 'Anakapalle', 7, 305),
('BHIMAVARAM -> SRIKAKULAM', 'Visakhapatnam', 8, 335),
('BHIMAVARAM -> SRIKAKULAM', 'Vizianagaram', 9, 395),
('BHIMAVARAM -> SRIKAKULAM', 'Srikakulam', 10, 460),
('ELURU -> TIRUPATI', 'Eluru', 1, 0),
('ELURU -> TIRUPATI', 'Vijayawada', 2, 55),
('ELURU -> TIRUPATI', 'Guntur', 3, 90),
('ELURU -> TIRUPATI', 'Ongole', 4, 200),
('ELURU -> TIRUPATI', 'Nellore', 5, 335),
('ELURU -> TIRUPATI', 'Tirupati', 6, 465),
('TIRUPATI -> ELURU', 'Tirupati', 1, 0),
('TIRUPATI -> ELURU', 'Nellore', 2, 130),
('TIRUPATI -> ELURU', 'Ongole', 3, 265),
('TIRUPATI -> ELURU', 'Guntur', 4, 375),
('TIRUPATI -> ELURU', 'Vijayawada', 5, 410),
('TIRUPATI -> ELURU', 'Eluru', 6, 465),
('ANAKAPALLE -> GUNTUR', 'Anakapalle', 1, 0),
('ANAKAPALLE -> GUNTUR', 'Tuni', 2, 65),
('ANAKAPALLE -> GUNTUR', 'Samalkot', 3, 125),
('ANAKAPALLE -> GUNTUR', 'Kakinada', 4, 140),
('ANAKAPALLE -> GUNTUR', 'Rajahmundry', 5, 185),
('ANAKAPALLE -> GUNTUR', 'Ravulapalem', 6, 210),
('ANAKAPALLE -> GUNTUR', 'Bhimavaram', 7, 305),
('ANAKAPALLE -> GUNTUR', 'Eluru', 8, 380),
('ANAKAPALLE -> GUNTUR', 'Vijayawada', 9, 435),
('ANAKAPALLE -> GUNTUR', 'Guntur', 10, 470),
('GUNTUR -> ANAKAPALLE', 'Guntur', 1, 0),
('GUNTUR -> ANAKAPALLE', 'Vijayawada', 2, 35),
('GUNTUR -> ANAKAPALLE', 'Eluru', 3, 90),
('GUNTUR -> ANAKAPALLE', 'Bhimavaram', 4, 165),
('GUNTUR -> ANAKAPALLE', 'Ravulapalem', 5, 260),
('GUNTUR -> ANAKAPALLE', 'Rajahmundry', 6, 285),
('GUNTUR -> ANAKAPALLE', 'Kakinada', 7, 330),
('GUNTUR -> ANAKAPALLE', 'Samalkot', 8, 345),
('GUNTUR -> ANAKAPALLE', 'Tuni', 9, 405),
('GUNTUR -> ANAKAPALLE', 'Anakapalle', 10, 470),
('VIZIANAGARAM -> ELURU', 'Vizianagaram', 1, 0),
('VIZIANAGARAM -> ELURU', 'Visakhapatnam', 2, 60),
('VIZIANAGARAM -> ELURU', 'Anakapalle', 3, 90),
('VIZIANAGARAM -> ELURU', 'Tuni', 4, 155),
('VIZIANAGARAM -> ELURU', 'Samalkot', 5, 215),
('VIZIANAGARAM -> ELURU', 'Kakinada', 6, 230),
('VIZIANAGARAM -> ELURU', 'Rajahmundry', 7, 275),
('VIZIANAGARAM -> ELURU', 'Ravulapalem', 8, 300),
('VIZIANAGARAM -> ELURU', 'Bhimavaram', 9, 395),
('VIZIANAGARAM -> ELURU', 'Eluru', 10, 470),
('ELURU -> VIZIANAGARAM', 'Eluru', 1, 0),
('ELURU -> VIZIANAGARAM', 'Bhimavaram', 2, 75),
('ELURU -> VIZIANAGARAM', 'Ravulapalem', 3, 170),
('ELURU -> VIZIANAGARAM', 'Rajahmundry', 4, 195),
('ELURU -> VIZIANAGARAM', 'Kakinada', 5, 240),
('ELURU -> VIZIANAGARAM', 'Samalkot', 6, 255),
('ELURU -> VIZIANAGARAM', 'Tuni', 7, 315),
('ELURU -> VIZIANAGARAM', 'Anakapalle', 8, 380),
('ELURU -> VIZIANAGARAM', 'Visakhapatnam', 9, 410),
('ELURU -> VIZIANAGARAM', 'Vizianagaram', 10, 470),
('NELLORE -> KURNOOL', 'Nellore', 1, 0),
('NELLORE -> KURNOOL', 'Tirupati', 2, 130),
('NELLORE -> KURNOOL', 'Kadapa', 3, 265),
('NELLORE -> KURNOOL', 'Kurnool', 4, 480),
('KURNOOL -> NELLORE', 'Kurnool', 1, 0),
('KURNOOL -> NELLORE', 'Kadapa', 2, 215),
('KURNOOL -> NELLORE', 'Tirupati', 3, 350),
('KURNOOL -> NELLORE', 'Nellore', 4, 480),
('VISAKHAPATNAM -> GUNTUR', 'Visakhapatnam', 1, 0),
('VISAKHAPATNAM -> GUNTUR', 'Anakapalle', 2, 30),
('VISAKHAPATNAM -> GUNTUR', 'Tuni', 3, 95),
('VISAKHAPATNAM -> GUNTUR', 'Samalkot', 4, 155),
('VISAKHAPATNAM -> GUNTUR', 'Kakinada', 5, 170),
('VISAKHAPATNAM -> GUNTUR', 'Rajahmundry', 6, 215),
('VISAKHAPATNAM -> GUNTUR', 'Ravulapalem', 7, 240),
('VISAKHAPATNAM -> GUNTUR', 'Bhimavaram', 8, 335),
('VISAKHAPATNAM -> GUNTUR', 'Eluru', 9, 410),
('VISAKHAPATNAM -> GUNTUR', 'Vijayawada', 10, 465),
('VISAKHAPATNAM -> GUNTUR', 'Guntur', 11, 500),
('GUNTUR -> VISAKHAPATNAM', 'Guntur', 1, 0),
('GUNTUR -> VISAKHAPATNAM', 'Vijayawada', 2, 35),
('GUNTUR -> VISAKHAPATNAM', 'Eluru', 3, 90),
('GUNTUR -> VISAKHAPATNAM', 'Bhimavaram', 4, 165),
('GUNTUR -> VISAKHAPATNAM', 'Ravulapalem', 5, 260),
('GUNTUR -> VISAKHAPATNAM', 'Rajahmundry', 6, 285),
('GUNTUR -> VISAKHAPATNAM', 'Kakinada', 7, 330),
('GUNTUR -> VISAKHAPATNAM', 'Samalkot', 8, 345),
('GUNTUR -> VISAKHAPATNAM', 'Tuni', 9, 405),
('GUNTUR -> VISAKHAPATNAM', 'Anakapalle', 10, 470),
('GUNTUR -> VISAKHAPATNAM', 'Visakhapatnam', 11, 500),
('RAVULAPALEM -> NELLORE', 'Ravulapalem', 1, 0),
('RAVULAPALEM -> NELLORE', 'Bhimavaram', 2, 95),
('RAVULAPALEM -> NELLORE', 'Eluru', 3, 170),
('RAVULAPALEM -> NELLORE', 'Vijayawada', 4, 225),
('RAVULAPALEM -> NELLORE', 'Guntur', 5, 260),
('RAVULAPALEM -> NELLORE', 'Ongole', 6, 370),
('RAVULAPALEM -> NELLORE', 'Nellore', 7, 505),
('NELLORE -> RAVULAPALEM', 'Nellore', 1, 0),
('NELLORE -> RAVULAPALEM', 'Ongole', 2, 135),
('NELLORE -> RAVULAPALEM', 'Guntur', 3, 245),
('NELLORE -> RAVULAPALEM', 'Vijayawada', 4, 280),
('NELLORE -> RAVULAPALEM', 'Eluru', 5, 335),
('NELLORE -> RAVULAPALEM', 'Bhimavaram', 6, 410),
('NELLORE -> RAVULAPALEM', 'Ravulapalem', 7, 505),
('TIRUPATI -> ANANTAPUR', 'Tirupati', 1, 0),
('TIRUPATI -> ANANTAPUR', 'Kadapa', 2, 135),
('TIRUPATI -> ANANTAPUR', 'Kurnool', 3, 350),
('TIRUPATI -> ANANTAPUR', 'Anantapur', 4, 505),
('ANANTAPUR -> TIRUPATI', 'Anantapur', 1, 0),
('ANANTAPUR -> TIRUPATI', 'Kurnool', 2, 155),
('ANANTAPUR -> TIRUPATI', 'Kadapa', 3, 370),
('ANANTAPUR -> TIRUPATI', 'Tirupati', 4, 505),
('GUNTUR -> KADAPA', 'Guntur', 1, 0),
('GUNTUR -> KADAPA', 'Ongole', 2, 110),
('GUNTUR -> KADAPA', 'Nellore', 3, 245),
('GUNTUR -> KADAPA', 'Tirupati', 4, 375),
('GUNTUR -> KADAPA', 'Kadapa', 5, 510),
('KADAPA -> GUNTUR', 'Kadapa', 1, 0),
('KADAPA -> GUNTUR', 'Tirupati', 2, 135),
('KADAPA -> GUNTUR', 'Nellore', 3, 265),
('KADAPA -> GUNTUR', 'Ongole', 4, 400),
('KADAPA -> GUNTUR', 'Guntur', 5, 510),
('TUNI -> ONGOLE', 'Tuni', 1, 0),
('TUNI -> ONGOLE', 'Samalkot', 2, 60),
('TUNI -> ONGOLE', 'Kakinada', 3, 75),
('TUNI -> ONGOLE', 'Rajahmundry', 4, 120),
('TUNI -> ONGOLE', 'Ravulapalem', 5, 145),
('TUNI -> ONGOLE', 'Bhimavaram', 6, 240),
('TUNI -> ONGOLE', 'Eluru', 7, 315),
('TUNI -> ONGOLE', 'Vijayawada', 8, 370),
('TUNI -> ONGOLE', 'Guntur', 9, 405),
('TUNI -> ONGOLE', 'Ongole', 10, 515),
('ONGOLE -> TUNI', 'Ongole', 1, 0),
('ONGOLE -> TUNI', 'Guntur', 2, 110),
('ONGOLE -> TUNI', 'Vijayawada', 3, 145),
('ONGOLE -> TUNI', 'Eluru', 4, 200),
('ONGOLE -> TUNI', 'Bhimavaram', 5, 275),
('ONGOLE -> TUNI', 'Ravulapalem', 6, 370),
('ONGOLE -> TUNI', 'Rajahmundry', 7, 395),
('ONGOLE -> TUNI', 'Kakinada', 8, 440),
('ONGOLE -> TUNI', 'Samalkot', 9, 455),
('ONGOLE -> TUNI', 'Tuni', 10, 515),
('VIZIANAGARAM -> VIJAYAWADA', 'Vizianagaram', 1, 0),
('VIZIANAGARAM -> VIJAYAWADA', 'Visakhapatnam', 2, 60),
('VIZIANAGARAM -> VIJAYAWADA', 'Anakapalle', 3, 90),
('VIZIANAGARAM -> VIJAYAWADA', 'Tuni', 4, 155),
('VIZIANAGARAM -> VIJAYAWADA', 'Samalkot', 5, 215),
('VIZIANAGARAM -> VIJAYAWADA', 'Kakinada', 6, 230),
('VIZIANAGARAM -> VIJAYAWADA', 'Rajahmundry', 7, 275),
('VIZIANAGARAM -> VIJAYAWADA', 'Ravulapalem', 8, 300),
('VIZIANAGARAM -> VIJAYAWADA', 'Bhimavaram', 9, 395),
('VIZIANAGARAM -> VIJAYAWADA', 'Eluru', 10, 470),
('VIZIANAGARAM -> VIJAYAWADA', 'Vijayawada', 11, 525),
('VIJAYAWADA -> VIZIANAGARAM', 'Vijayawada', 1, 0),
('VIJAYAWADA -> VIZIANAGARAM', 'Eluru', 2, 55),
('VIJAYAWADA -> VIZIANAGARAM', 'Bhimavaram', 3, 130),
('VIJAYAWADA -> VIZIANAGARAM', 'Ravulapalem', 4, 225),
('VIJAYAWADA -> VIZIANAGARAM', 'Rajahmundry', 5, 250),
('VIJAYAWADA -> VIZIANAGARAM', 'Kakinada', 6, 295),
('VIJAYAWADA -> VIZIANAGARAM', 'Samalkot', 7, 310),
('VIJAYAWADA -> VIZIANAGARAM', 'Tuni', 8, 370),
('VIJAYAWADA -> VIZIANAGARAM', 'Anakapalle', 9, 435),
('VIJAYAWADA -> VIZIANAGARAM', 'Visakhapatnam', 10, 465),
('VIJAYAWADA -> VIZIANAGARAM', 'Vizianagaram', 11, 525),
('RAJAHMUNDRY -> NELLORE', 'Rajahmundry', 1, 0),
('RAJAHMUNDRY -> NELLORE', 'Ravulapalem', 2, 25),
('RAJAHMUNDRY -> NELLORE', 'Bhimavaram', 3, 120),
('RAJAHMUNDRY -> NELLORE', 'Eluru', 4, 195),
('RAJAHMUNDRY -> NELLORE', 'Vijayawada', 5, 250),
('RAJAHMUNDRY -> NELLORE', 'Guntur', 6, 285),
('RAJAHMUNDRY -> NELLORE', 'Ongole', 7, 395),
('RAJAHMUNDRY -> NELLORE', 'Nellore', 8, 530),
('NELLORE -> RAJAHMUNDRY', 'Nellore', 1, 0),
('NELLORE -> RAJAHMUNDRY', 'Ongole', 2, 135),
('NELLORE -> RAJAHMUNDRY', 'Guntur', 3, 245),
('NELLORE -> RAJAHMUNDRY', 'Vijayawada', 4, 280),
('NELLORE -> RAJAHMUNDRY', 'Eluru', 5, 335),
('NELLORE -> RAJAHMUNDRY', 'Bhimavaram', 6, 410),
('NELLORE -> RAJAHMUNDRY', 'Ravulapalem', 7, 505),
('NELLORE -> RAJAHMUNDRY', 'Rajahmundry', 8, 530),
('SRIKAKULAM -> ELURU', 'Srikakulam', 1, 0),
('SRIKAKULAM -> ELURU', 'Vizianagaram', 2, 65),
('SRIKAKULAM -> ELURU', 'Visakhapatnam', 3, 125),
('SRIKAKULAM -> ELURU', 'Anakapalle', 4, 155),
('SRIKAKULAM -> ELURU', 'Tuni', 5, 220),
('SRIKAKULAM -> ELURU', 'Samalkot', 6, 280),
('SRIKAKULAM -> ELURU', 'Kakinada', 7, 295),
('SRIKAKULAM -> ELURU', 'Rajahmundry', 8, 340),
('SRIKAKULAM -> ELURU', 'Ravulapalem', 9, 365),
('SRIKAKULAM -> ELURU', 'Bhimavaram', 10, 460),
('SRIKAKULAM -> ELURU', 'Eluru', 11, 535),
('ELURU -> SRIKAKULAM', 'Eluru', 1, 0),
('ELURU -> SRIKAKULAM', 'Bhimavaram', 2, 75),
('ELURU -> SRIKAKULAM', 'Ravulapalem', 3, 170),
('ELURU -> SRIKAKULAM', 'Rajahmundry', 4, 195),
('ELURU -> SRIKAKULAM', 'Kakinada', 5, 240),
('ELURU -> SRIKAKULAM', 'Samalkot', 6, 255),
('ELURU -> SRIKAKULAM', 'Tuni', 7, 315),
('ELURU -> SRIKAKULAM', 'Anakapalle', 8, 380),
('ELURU -> SRIKAKULAM', 'Visakhapatnam', 9, 410),
('ELURU -> SRIKAKULAM', 'Vizianagaram', 10, 470),
('ELURU -> SRIKAKULAM', 'Srikakulam', 11, 535),
('BHIMAVARAM -> TIRUPATI', 'Bhimavaram', 1, 0),
('BHIMAVARAM -> TIRUPATI', 'Eluru', 2, 75),
('BHIMAVARAM -> TIRUPATI', 'Vijayawada', 3, 130),
('BHIMAVARAM -> TIRUPATI', 'Guntur', 4, 165),
('BHIMAVARAM -> TIRUPATI', 'Ongole', 5, 275),
('BHIMAVARAM -> TIRUPATI', 'Nellore', 6, 410),
('BHIMAVARAM -> TIRUPATI', 'Tirupati', 7, 540),
('TIRUPATI -> BHIMAVARAM', 'Tirupati', 1, 0),
('TIRUPATI -> BHIMAVARAM', 'Nellore', 2, 130),
('TIRUPATI -> BHIMAVARAM', 'Ongole', 3, 265),
('TIRUPATI -> BHIMAVARAM', 'Guntur', 4, 375),
('TIRUPATI -> BHIMAVARAM', 'Vijayawada', 5, 410),
('TIRUPATI -> BHIMAVARAM', 'Eluru', 6, 465),
('TIRUPATI -> BHIMAVARAM', 'Bhimavaram', 7, 540),
('VIJAYAWADA -> KADAPA', 'Vijayawada', 1, 0),
('VIJAYAWADA -> KADAPA', 'Guntur', 2, 35),
('VIJAYAWADA -> KADAPA', 'Ongole', 3, 145),
('VIJAYAWADA -> KADAPA', 'Nellore', 4, 280),
('VIJAYAWADA -> KADAPA', 'Tirupati', 5, 410),
('VIJAYAWADA -> KADAPA', 'Kadapa', 6, 545),
('KADAPA -> VIJAYAWADA', 'Kadapa', 1, 0),
('KADAPA -> VIJAYAWADA', 'Tirupati', 2, 135),
('KADAPA -> VIJAYAWADA', 'Nellore', 3, 265),
('KADAPA -> VIJAYAWADA', 'Ongole', 4, 400),
('KADAPA -> VIJAYAWADA', 'Guntur', 5, 510),
('KADAPA -> VIJAYAWADA', 'Vijayawada', 6, 545),
('VIZIANAGARAM -> GUNTUR', 'Vizianagaram', 1, 0),
('VIZIANAGARAM -> GUNTUR', 'Visakhapatnam', 2, 60),
('VIZIANAGARAM -> GUNTUR', 'Anakapalle', 3, 90),
('VIZIANAGARAM -> GUNTUR', 'Tuni', 4, 155),
('VIZIANAGARAM -> GUNTUR', 'Samalkot', 5, 215),
('VIZIANAGARAM -> GUNTUR', 'Kakinada', 6, 230),
('VIZIANAGARAM -> GUNTUR', 'Rajahmundry', 7, 275),
('VIZIANAGARAM -> GUNTUR', 'Ravulapalem', 8, 300),
('VIZIANAGARAM -> GUNTUR', 'Bhimavaram', 9, 395),
('VIZIANAGARAM -> GUNTUR', 'Eluru', 10, 470),
('VIZIANAGARAM -> GUNTUR', 'Vijayawada', 11, 525),
('VIZIANAGARAM -> GUNTUR', 'Guntur', 12, 560),
('GUNTUR -> VIZIANAGARAM', 'Guntur', 1, 0),
('GUNTUR -> VIZIANAGARAM', 'Vijayawada', 2, 35),
('GUNTUR -> VIZIANAGARAM', 'Eluru', 3, 90),
('GUNTUR -> VIZIANAGARAM', 'Bhimavaram', 4, 165),
('GUNTUR -> VIZIANAGARAM', 'Ravulapalem', 5, 260),
('GUNTUR -> VIZIANAGARAM', 'Rajahmundry', 6, 285),
('GUNTUR -> VIZIANAGARAM', 'Kakinada', 7, 330),
('GUNTUR -> VIZIANAGARAM', 'Samalkot', 8, 345),
('GUNTUR -> VIZIANAGARAM', 'Tuni', 9, 405),
('GUNTUR -> VIZIANAGARAM', 'Anakapalle', 10, 470),
('GUNTUR -> VIZIANAGARAM', 'Visakhapatnam', 11, 500),
('GUNTUR -> VIZIANAGARAM', 'Vizianagaram', 12, 560),
('KAKINADA -> NELLORE', 'Kakinada', 1, 0),
('KAKINADA -> NELLORE', 'Rajahmundry', 2, 45),
('KAKINADA -> NELLORE', 'Ravulapalem', 3, 70),
('KAKINADA -> NELLORE', 'Bhimavaram', 4, 165),
('KAKINADA -> NELLORE', 'Eluru', 5, 240),
('KAKINADA -> NELLORE', 'Vijayawada', 6, 295),
('KAKINADA -> NELLORE', 'Guntur', 7, 330),
('KAKINADA -> NELLORE', 'Ongole', 8, 440),
('KAKINADA -> NELLORE', 'Nellore', 9, 575),
('NELLORE -> KAKINADA', 'Nellore', 1, 0),
('NELLORE -> KAKINADA', 'Ongole', 2, 135),
('NELLORE -> KAKINADA', 'Guntur', 3, 245),
('NELLORE -> KAKINADA', 'Vijayawada', 4, 280),
('NELLORE -> KAKINADA', 'Eluru', 5, 335),
('NELLORE -> KAKINADA', 'Bhimavaram', 6, 410),
('NELLORE -> KAKINADA', 'Ravulapalem', 7, 505),
('NELLORE -> KAKINADA', 'Rajahmundry', 8, 530),
('NELLORE -> KAKINADA', 'Kakinada', 9, 575),
('ANAKAPALLE -> ONGOLE', 'Anakapalle', 1, 0),
('ANAKAPALLE -> ONGOLE', 'Tuni', 2, 65),
('ANAKAPALLE -> ONGOLE', 'Samalkot', 3, 125),
('ANAKAPALLE -> ONGOLE', 'Kakinada', 4, 140),
('ANAKAPALLE -> ONGOLE', 'Rajahmundry', 5, 185),
('ANAKAPALLE -> ONGOLE', 'Ravulapalem', 6, 210),
('ANAKAPALLE -> ONGOLE', 'Bhimavaram', 7, 305),
('ANAKAPALLE -> ONGOLE', 'Eluru', 8, 380),
('ANAKAPALLE -> ONGOLE', 'Vijayawada', 9, 435),
('ANAKAPALLE -> ONGOLE', 'Guntur', 10, 470),
('ANAKAPALLE -> ONGOLE', 'Ongole', 11, 580),
('ONGOLE -> ANAKAPALLE', 'Ongole', 1, 0),
('ONGOLE -> ANAKAPALLE', 'Guntur', 2, 110),
('ONGOLE -> ANAKAPALLE', 'Vijayawada', 3, 145),
('ONGOLE -> ANAKAPALLE', 'Eluru', 4, 200),
('ONGOLE -> ANAKAPALLE', 'Bhimavaram', 5, 275),
('ONGOLE -> ANAKAPALLE', 'Ravulapalem', 6, 370),
('ONGOLE -> ANAKAPALLE', 'Rajahmundry', 7, 395),
('ONGOLE -> ANAKAPALLE', 'Kakinada', 8, 440),
('ONGOLE -> ANAKAPALLE', 'Samalkot', 9, 455),
('ONGOLE -> ANAKAPALLE', 'Tuni', 10, 515),
('ONGOLE -> ANAKAPALLE', 'Anakapalle', 11, 580),
('SAMALKOT -> NELLORE', 'Samalkot', 1, 0),
('SAMALKOT -> NELLORE', 'Kakinada', 2, 15),
('SAMALKOT -> NELLORE', 'Rajahmundry', 3, 60),
('SAMALKOT -> NELLORE', 'Ravulapalem', 4, 85),
('SAMALKOT -> NELLORE', 'Bhimavaram', 5, 180),
('SAMALKOT -> NELLORE', 'Eluru', 6, 255),
('SAMALKOT -> NELLORE', 'Vijayawada', 7, 310),
('SAMALKOT -> NELLORE', 'Guntur', 8, 345),
('SAMALKOT -> NELLORE', 'Ongole', 9, 455),
('SAMALKOT -> NELLORE', 'Nellore', 10, 590),
('NELLORE -> SAMALKOT', 'Nellore', 1, 0),
('NELLORE -> SAMALKOT', 'Ongole', 2, 135),
('NELLORE -> SAMALKOT', 'Guntur', 3, 245),
('NELLORE -> SAMALKOT', 'Vijayawada', 4, 280),
('NELLORE -> SAMALKOT', 'Eluru', 5, 335),
('NELLORE -> SAMALKOT', 'Bhimavaram', 6, 410),
('NELLORE -> SAMALKOT', 'Ravulapalem', 7, 505),
('NELLORE -> SAMALKOT', 'Rajahmundry', 8, 530),
('NELLORE -> SAMALKOT', 'Kakinada', 9, 575),
('NELLORE -> SAMALKOT', 'Samalkot', 10, 590),
('SRIKAKULAM -> VIJAYAWADA', 'Srikakulam', 1, 0),
('SRIKAKULAM -> VIJAYAWADA', 'Vizianagaram', 2, 65),
('SRIKAKULAM -> VIJAYAWADA', 'Visakhapatnam', 3, 125),
('SRIKAKULAM -> VIJAYAWADA', 'Anakapalle', 4, 155),
('SRIKAKULAM -> VIJAYAWADA', 'Tuni', 5, 220),
('SRIKAKULAM -> VIJAYAWADA', 'Samalkot', 6, 280),
('SRIKAKULAM -> VIJAYAWADA', 'Kakinada', 7, 295),
('SRIKAKULAM -> VIJAYAWADA', 'Rajahmundry', 8, 340),
('SRIKAKULAM -> VIJAYAWADA', 'Ravulapalem', 9, 365),
('SRIKAKULAM -> VIJAYAWADA', 'Bhimavaram', 10, 460),
('SRIKAKULAM -> VIJAYAWADA', 'Eluru', 11, 535),
('SRIKAKULAM -> VIJAYAWADA', 'Vijayawada', 12, 590),
('VIJAYAWADA -> SRIKAKULAM', 'Vijayawada', 1, 0),
('VIJAYAWADA -> SRIKAKULAM', 'Eluru', 2, 55),
('VIJAYAWADA -> SRIKAKULAM', 'Bhimavaram', 3, 130),
('VIJAYAWADA -> SRIKAKULAM', 'Ravulapalem', 4, 225),
('VIJAYAWADA -> SRIKAKULAM', 'Rajahmundry', 5, 250),
('VIJAYAWADA -> SRIKAKULAM', 'Kakinada', 6, 295),
('VIJAYAWADA -> SRIKAKULAM', 'Samalkot', 7, 310),
('VIJAYAWADA -> SRIKAKULAM', 'Tuni', 8, 370),
('VIJAYAWADA -> SRIKAKULAM', 'Anakapalle', 9, 435),
('VIJAYAWADA -> SRIKAKULAM', 'Visakhapatnam', 10, 465),
('VIJAYAWADA -> SRIKAKULAM', 'Vizianagaram', 11, 525),
('VIJAYAWADA -> SRIKAKULAM', 'Srikakulam', 12, 590),
('ELURU -> KADAPA', 'Eluru', 1, 0),
('ELURU -> KADAPA', 'Vijayawada', 2, 55),
('ELURU -> KADAPA', 'Guntur', 3, 90),
('ELURU -> KADAPA', 'Ongole', 4, 200),
('ELURU -> KADAPA', 'Nellore', 5, 335),
('ELURU -> KADAPA', 'Tirupati', 6, 465),
('ELURU -> KADAPA', 'Kadapa', 7, 600),
('KADAPA -> ELURU', 'Kadapa', 1, 0),
('KADAPA -> ELURU', 'Tirupati', 2, 135),
('KADAPA -> ELURU', 'Nellore', 3, 265),
('KADAPA -> ELURU', 'Ongole', 4, 400),
('KADAPA -> ELURU', 'Guntur', 5, 510),
('KADAPA -> ELURU', 'Vijayawada', 6, 545),
('KADAPA -> ELURU', 'Eluru', 7, 600),
('VISAKHAPATNAM -> ONGOLE', 'Visakhapatnam', 1, 0),
('VISAKHAPATNAM -> ONGOLE', 'Anakapalle', 2, 30),
('VISAKHAPATNAM -> ONGOLE', 'Tuni', 3, 95),
('VISAKHAPATNAM -> ONGOLE', 'Samalkot', 4, 155),
('VISAKHAPATNAM -> ONGOLE', 'Kakinada', 5, 170),
('VISAKHAPATNAM -> ONGOLE', 'Rajahmundry', 6, 215),
('VISAKHAPATNAM -> ONGOLE', 'Ravulapalem', 7, 240),
('VISAKHAPATNAM -> ONGOLE', 'Bhimavaram', 8, 335),
('VISAKHAPATNAM -> ONGOLE', 'Eluru', 9, 410),
('VISAKHAPATNAM -> ONGOLE', 'Vijayawada', 10, 465),
('VISAKHAPATNAM -> ONGOLE', 'Guntur', 11, 500),
('VISAKHAPATNAM -> ONGOLE', 'Ongole', 12, 610),
('ONGOLE -> VISAKHAPATNAM', 'Ongole', 1, 0),
('ONGOLE -> VISAKHAPATNAM', 'Guntur', 2, 110),
('ONGOLE -> VISAKHAPATNAM', 'Vijayawada', 3, 145),
('ONGOLE -> VISAKHAPATNAM', 'Eluru', 4, 200),
('ONGOLE -> VISAKHAPATNAM', 'Bhimavaram', 5, 275),
('ONGOLE -> VISAKHAPATNAM', 'Ravulapalem', 6, 370),
('ONGOLE -> VISAKHAPATNAM', 'Rajahmundry', 7, 395),
('ONGOLE -> VISAKHAPATNAM', 'Kakinada', 8, 440),
('ONGOLE -> VISAKHAPATNAM', 'Samalkot', 9, 455),
('ONGOLE -> VISAKHAPATNAM', 'Tuni', 10, 515),
('ONGOLE -> VISAKHAPATNAM', 'Anakapalle', 11, 580),
('ONGOLE -> VISAKHAPATNAM', 'Visakhapatnam', 12, 610),
('ONGOLE -> KURNOOL', 'Ongole', 1, 0),
('ONGOLE -> KURNOOL', 'Nellore', 2, 135),
('ONGOLE -> KURNOOL', 'Tirupati', 3, 265),
('ONGOLE -> KURNOOL', 'Kadapa', 4, 400),
('ONGOLE -> KURNOOL', 'Kurnool', 5, 615),
('KURNOOL -> ONGOLE', 'Kurnool', 1, 0),
('KURNOOL -> ONGOLE', 'Kadapa', 2, 215),
('KURNOOL -> ONGOLE', 'Tirupati', 3, 350),
('KURNOOL -> ONGOLE', 'Nellore', 4, 480),
('KURNOOL -> ONGOLE', 'Ongole', 5, 615),
('SRIKAKULAM -> GUNTUR', 'Srikakulam', 1, 0),
('SRIKAKULAM -> GUNTUR', 'Vizianagaram', 2, 65),
('SRIKAKULAM -> GUNTUR', 'Visakhapatnam', 3, 125),
('SRIKAKULAM -> GUNTUR', 'Anakapalle', 4, 155),
('SRIKAKULAM -> GUNTUR', 'Tuni', 5, 220),
('SRIKAKULAM -> GUNTUR', 'Samalkot', 6, 280),
('SRIKAKULAM -> GUNTUR', 'Kakinada', 7, 295),
('SRIKAKULAM -> GUNTUR', 'Rajahmundry', 8, 340),
('SRIKAKULAM -> GUNTUR', 'Ravulapalem', 9, 365),
('SRIKAKULAM -> GUNTUR', 'Bhimavaram', 10, 460),
('SRIKAKULAM -> GUNTUR', 'Eluru', 11, 535),
('SRIKAKULAM -> GUNTUR', 'Vijayawada', 12, 590),
('SRIKAKULAM -> GUNTUR', 'Guntur', 13, 625),
('GUNTUR -> SRIKAKULAM', 'Guntur', 1, 0),
('GUNTUR -> SRIKAKULAM', 'Vijayawada', 2, 35),
('GUNTUR -> SRIKAKULAM', 'Eluru', 3, 90),
('GUNTUR -> SRIKAKULAM', 'Bhimavaram', 4, 165),
('GUNTUR -> SRIKAKULAM', 'Ravulapalem', 5, 260),
('GUNTUR -> SRIKAKULAM', 'Rajahmundry', 6, 285),
('GUNTUR -> SRIKAKULAM', 'Kakinada', 7, 330),
('GUNTUR -> SRIKAKULAM', 'Samalkot', 8, 345),
('GUNTUR -> SRIKAKULAM', 'Tuni', 9, 405),
('GUNTUR -> SRIKAKULAM', 'Anakapalle', 10, 470),
('GUNTUR -> SRIKAKULAM', 'Visakhapatnam', 11, 500),
('GUNTUR -> SRIKAKULAM', 'Vizianagaram', 12, 560),
('GUNTUR -> SRIKAKULAM', 'Srikakulam', 13, 625),
('NELLORE -> ANANTAPUR', 'Nellore', 1, 0),
('NELLORE -> ANANTAPUR', 'Tirupati', 2, 130),
('NELLORE -> ANANTAPUR', 'Kadapa', 3, 265),
('NELLORE -> ANANTAPUR', 'Kurnool', 4, 480),
('NELLORE -> ANANTAPUR', 'Anantapur', 5, 635),
('ANANTAPUR -> NELLORE', 'Anantapur', 1, 0),
('ANANTAPUR -> NELLORE', 'Kurnool', 2, 155),
('ANANTAPUR -> NELLORE', 'Kadapa', 3, 370),
('ANANTAPUR -> NELLORE', 'Tirupati', 4, 505),
('ANANTAPUR -> NELLORE', 'Nellore', 5, 635),
('RAVULAPALEM -> TIRUPATI', 'Ravulapalem', 1, 0),
('RAVULAPALEM -> TIRUPATI', 'Bhimavaram', 2, 95),
('RAVULAPALEM -> TIRUPATI', 'Eluru', 3, 170),
('RAVULAPALEM -> TIRUPATI', 'Vijayawada', 4, 225),
('RAVULAPALEM -> TIRUPATI', 'Guntur', 5, 260),
('RAVULAPALEM -> TIRUPATI', 'Ongole', 6, 370),
('RAVULAPALEM -> TIRUPATI', 'Nellore', 7, 505),
('RAVULAPALEM -> TIRUPATI', 'Tirupati', 8, 635),
('TIRUPATI -> RAVULAPALEM', 'Tirupati', 1, 0),
('TIRUPATI -> RAVULAPALEM', 'Nellore', 2, 130),
('TIRUPATI -> RAVULAPALEM', 'Ongole', 3, 265),
('TIRUPATI -> RAVULAPALEM', 'Guntur', 4, 375),
('TIRUPATI -> RAVULAPALEM', 'Vijayawada', 5, 410),
('TIRUPATI -> RAVULAPALEM', 'Eluru', 6, 465),
('TIRUPATI -> RAVULAPALEM', 'Bhimavaram', 7, 540),
('TIRUPATI -> RAVULAPALEM', 'Ravulapalem', 8, 635),
('TUNI -> NELLORE', 'Tuni', 1, 0),
('TUNI -> NELLORE', 'Samalkot', 2, 60),
('TUNI -> NELLORE', 'Kakinada', 3, 75),
('TUNI -> NELLORE', 'Rajahmundry', 4, 120),
('TUNI -> NELLORE', 'Ravulapalem', 5, 145),
('TUNI -> NELLORE', 'Bhimavaram', 6, 240),
('TUNI -> NELLORE', 'Eluru', 7, 315),
('TUNI -> NELLORE', 'Vijayawada', 8, 370),
('TUNI -> NELLORE', 'Guntur', 9, 405),
('TUNI -> NELLORE', 'Ongole', 10, 515),
('TUNI -> NELLORE', 'Nellore', 11, 650),
('NELLORE -> TUNI', 'Nellore', 1, 0),
('NELLORE -> TUNI', 'Ongole', 2, 135),
('NELLORE -> TUNI', 'Guntur', 3, 245),
('NELLORE -> TUNI', 'Vijayawada', 4, 280),
('NELLORE -> TUNI', 'Eluru', 5, 335),
('NELLORE -> TUNI', 'Bhimavaram', 6, 410),
('NELLORE -> TUNI', 'Ravulapalem', 7, 505),
('NELLORE -> TUNI', 'Rajahmundry', 8, 530),
('NELLORE -> TUNI', 'Kakinada', 9, 575),
('NELLORE -> TUNI', 'Samalkot', 10, 590),
('NELLORE -> TUNI', 'Tuni', 11, 650),
('RAJAHMUNDRY -> TIRUPATI', 'Rajahmundry', 1, 0),
('RAJAHMUNDRY -> TIRUPATI', 'Ravulapalem', 2, 25),
('RAJAHMUNDRY -> TIRUPATI', 'Bhimavaram', 3, 120),
('RAJAHMUNDRY -> TIRUPATI', 'Eluru', 4, 195),
('RAJAHMUNDRY -> TIRUPATI', 'Vijayawada', 5, 250),
('RAJAHMUNDRY -> TIRUPATI', 'Guntur', 6, 285),
('RAJAHMUNDRY -> TIRUPATI', 'Ongole', 7, 395),
('RAJAHMUNDRY -> TIRUPATI', 'Nellore', 8, 530),
('RAJAHMUNDRY -> TIRUPATI', 'Tirupati', 9, 660),
('TIRUPATI -> RAJAHMUNDRY', 'Tirupati', 1, 0),
('TIRUPATI -> RAJAHMUNDRY', 'Nellore', 2, 130),
('TIRUPATI -> RAJAHMUNDRY', 'Ongole', 3, 265),
('TIRUPATI -> RAJAHMUNDRY', 'Guntur', 4, 375),
('TIRUPATI -> RAJAHMUNDRY', 'Vijayawada', 5, 410),
('TIRUPATI -> RAJAHMUNDRY', 'Eluru', 6, 465),
('TIRUPATI -> RAJAHMUNDRY', 'Bhimavaram', 7, 540),
('TIRUPATI -> RAJAHMUNDRY', 'Ravulapalem', 8, 635),
('TIRUPATI -> RAJAHMUNDRY', 'Rajahmundry', 9, 660),
('VIZIANAGARAM -> ONGOLE', 'Vizianagaram', 1, 0),
('VIZIANAGARAM -> ONGOLE', 'Visakhapatnam', 2, 60),
('VIZIANAGARAM -> ONGOLE', 'Anakapalle', 3, 90),
('VIZIANAGARAM -> ONGOLE', 'Tuni', 4, 155),
('VIZIANAGARAM -> ONGOLE', 'Samalkot', 5, 215),
('VIZIANAGARAM -> ONGOLE', 'Kakinada', 6, 230),
('VIZIANAGARAM -> ONGOLE', 'Rajahmundry', 7, 275),
('VIZIANAGARAM -> ONGOLE', 'Ravulapalem', 8, 300),
('VIZIANAGARAM -> ONGOLE', 'Bhimavaram', 9, 395),
('VIZIANAGARAM -> ONGOLE', 'Eluru', 10, 470),
('VIZIANAGARAM -> ONGOLE', 'Vijayawada', 11, 525),
('VIZIANAGARAM -> ONGOLE', 'Guntur', 12, 560),
('VIZIANAGARAM -> ONGOLE', 'Ongole', 13, 670),
('ONGOLE -> VIZIANAGARAM', 'Ongole', 1, 0),
('ONGOLE -> VIZIANAGARAM', 'Guntur', 2, 110),
('ONGOLE -> VIZIANAGARAM', 'Vijayawada', 3, 145),
('ONGOLE -> VIZIANAGARAM', 'Eluru', 4, 200),
('ONGOLE -> VIZIANAGARAM', 'Bhimavaram', 5, 275),
('ONGOLE -> VIZIANAGARAM', 'Ravulapalem', 6, 370),
('ONGOLE -> VIZIANAGARAM', 'Rajahmundry', 7, 395),
('ONGOLE -> VIZIANAGARAM', 'Kakinada', 8, 440),
('ONGOLE -> VIZIANAGARAM', 'Samalkot', 9, 455),
('ONGOLE -> VIZIANAGARAM', 'Tuni', 10, 515),
('ONGOLE -> VIZIANAGARAM', 'Anakapalle', 11, 580),
('ONGOLE -> VIZIANAGARAM', 'Visakhapatnam', 12, 610),
('ONGOLE -> VIZIANAGARAM', 'Vizianagaram', 13, 670),
('BHIMAVARAM -> KADAPA', 'Bhimavaram', 1, 0),
('BHIMAVARAM -> KADAPA', 'Eluru', 2, 75),
('BHIMAVARAM -> KADAPA', 'Vijayawada', 3, 130),
('BHIMAVARAM -> KADAPA', 'Guntur', 4, 165),
('BHIMAVARAM -> KADAPA', 'Ongole', 5, 275),
('BHIMAVARAM -> KADAPA', 'Nellore', 6, 410),
('BHIMAVARAM -> KADAPA', 'Tirupati', 7, 540),
('BHIMAVARAM -> KADAPA', 'Kadapa', 8, 675),
('KADAPA -> BHIMAVARAM', 'Kadapa', 1, 0),
('KADAPA -> BHIMAVARAM', 'Tirupati', 2, 135),
('KADAPA -> BHIMAVARAM', 'Nellore', 3, 265),
('KADAPA -> BHIMAVARAM', 'Ongole', 4, 400),
('KADAPA -> BHIMAVARAM', 'Guntur', 5, 510),
('KADAPA -> BHIMAVARAM', 'Vijayawada', 6, 545),
('KADAPA -> BHIMAVARAM', 'Eluru', 7, 600),
('KADAPA -> BHIMAVARAM', 'Bhimavaram', 8, 675),
('KAKINADA -> TIRUPATI', 'Kakinada', 1, 0),
('KAKINADA -> TIRUPATI', 'Rajahmundry', 2, 45),
('KAKINADA -> TIRUPATI', 'Ravulapalem', 3, 70),
('KAKINADA -> TIRUPATI', 'Bhimavaram', 4, 165),
('KAKINADA -> TIRUPATI', 'Eluru', 5, 240),
('KAKINADA -> TIRUPATI', 'Vijayawada', 6, 295),
('KAKINADA -> TIRUPATI', 'Guntur', 7, 330),
('KAKINADA -> TIRUPATI', 'Ongole', 8, 440),
('KAKINADA -> TIRUPATI', 'Nellore', 9, 575),
('KAKINADA -> TIRUPATI', 'Tirupati', 10, 705),
('TIRUPATI -> KAKINADA', 'Tirupati', 1, 0),
('TIRUPATI -> KAKINADA', 'Nellore', 2, 130),
('TIRUPATI -> KAKINADA', 'Ongole', 3, 265),
('TIRUPATI -> KAKINADA', 'Guntur', 4, 375),
('TIRUPATI -> KAKINADA', 'Vijayawada', 5, 410),
('TIRUPATI -> KAKINADA', 'Eluru', 6, 465),
('TIRUPATI -> KAKINADA', 'Bhimavaram', 7, 540),
('TIRUPATI -> KAKINADA', 'Ravulapalem', 8, 635),
('TIRUPATI -> KAKINADA', 'Rajahmundry', 9, 660),
('TIRUPATI -> KAKINADA', 'Kakinada', 10, 705),
('ANAKAPALLE -> NELLORE', 'Anakapalle', 1, 0),
('ANAKAPALLE -> NELLORE', 'Tuni', 2, 65),
('ANAKAPALLE -> NELLORE', 'Samalkot', 3, 125),
('ANAKAPALLE -> NELLORE', 'Kakinada', 4, 140),
('ANAKAPALLE -> NELLORE', 'Rajahmundry', 5, 185),
('ANAKAPALLE -> NELLORE', 'Ravulapalem', 6, 210),
('ANAKAPALLE -> NELLORE', 'Bhimavaram', 7, 305),
('ANAKAPALLE -> NELLORE', 'Eluru', 8, 380),
('ANAKAPALLE -> NELLORE', 'Vijayawada', 9, 435),
('ANAKAPALLE -> NELLORE', 'Guntur', 10, 470),
('ANAKAPALLE -> NELLORE', 'Ongole', 11, 580),
('ANAKAPALLE -> NELLORE', 'Nellore', 12, 715),
('NELLORE -> ANAKAPALLE', 'Nellore', 1, 0),
('NELLORE -> ANAKAPALLE', 'Ongole', 2, 135),
('NELLORE -> ANAKAPALLE', 'Guntur', 3, 245),
('NELLORE -> ANAKAPALLE', 'Vijayawada', 4, 280),
('NELLORE -> ANAKAPALLE', 'Eluru', 5, 335),
('NELLORE -> ANAKAPALLE', 'Bhimavaram', 6, 410),
('NELLORE -> ANAKAPALLE', 'Ravulapalem', 7, 505),
('NELLORE -> ANAKAPALLE', 'Rajahmundry', 8, 530),
('NELLORE -> ANAKAPALLE', 'Kakinada', 9, 575),
('NELLORE -> ANAKAPALLE', 'Samalkot', 10, 590),
('NELLORE -> ANAKAPALLE', 'Tuni', 11, 650),
('NELLORE -> ANAKAPALLE', 'Anakapalle', 12, 715),
('GUNTUR -> KURNOOL', 'Guntur', 1, 0),
('GUNTUR -> KURNOOL', 'Ongole', 2, 110),
('GUNTUR -> KURNOOL', 'Nellore', 3, 245),
('GUNTUR -> KURNOOL', 'Tirupati', 4, 375),
('GUNTUR -> KURNOOL', 'Kadapa', 5, 510),
('GUNTUR -> KURNOOL', 'Kurnool', 6, 725),
('KURNOOL -> GUNTUR', 'Kurnool', 1, 0),
('KURNOOL -> GUNTUR', 'Kadapa', 2, 215),
('KURNOOL -> GUNTUR', 'Tirupati', 3, 350),
('KURNOOL -> GUNTUR', 'Nellore', 4, 480),
('KURNOOL -> GUNTUR', 'Ongole', 5, 615),
('KURNOOL -> GUNTUR', 'Guntur', 6, 725),
('SRIKAKULAM -> ONGOLE', 'Srikakulam', 1, 0),
('SRIKAKULAM -> ONGOLE', 'Vizianagaram', 2, 65),
('SRIKAKULAM -> ONGOLE', 'Visakhapatnam', 3, 125),
('SRIKAKULAM -> ONGOLE', 'Anakapalle', 4, 155),
('SRIKAKULAM -> ONGOLE', 'Tuni', 5, 220),
('SRIKAKULAM -> ONGOLE', 'Samalkot', 6, 280),
('SRIKAKULAM -> ONGOLE', 'Kakinada', 7, 295),
('SRIKAKULAM -> ONGOLE', 'Rajahmundry', 8, 340),
('SRIKAKULAM -> ONGOLE', 'Ravulapalem', 9, 365),
('SRIKAKULAM -> ONGOLE', 'Bhimavaram', 10, 460),
('SRIKAKULAM -> ONGOLE', 'Eluru', 11, 535),
('SRIKAKULAM -> ONGOLE', 'Vijayawada', 12, 590),
('SRIKAKULAM -> ONGOLE', 'Guntur', 13, 625),
('SRIKAKULAM -> ONGOLE', 'Ongole', 14, 735),
('ONGOLE -> SRIKAKULAM', 'Ongole', 1, 0),
('ONGOLE -> SRIKAKULAM', 'Guntur', 2, 110),
('ONGOLE -> SRIKAKULAM', 'Vijayawada', 3, 145),
('ONGOLE -> SRIKAKULAM', 'Eluru', 4, 200),
('ONGOLE -> SRIKAKULAM', 'Bhimavaram', 5, 275),
('ONGOLE -> SRIKAKULAM', 'Ravulapalem', 6, 370),
('ONGOLE -> SRIKAKULAM', 'Rajahmundry', 7, 395),
('ONGOLE -> SRIKAKULAM', 'Kakinada', 8, 440),
('ONGOLE -> SRIKAKULAM', 'Samalkot', 9, 455),
('ONGOLE -> SRIKAKULAM', 'Tuni', 10, 515),
('ONGOLE -> SRIKAKULAM', 'Anakapalle', 11, 580),
('ONGOLE -> SRIKAKULAM', 'Visakhapatnam', 12, 610),
('ONGOLE -> SRIKAKULAM', 'Vizianagaram', 13, 670),
('ONGOLE -> SRIKAKULAM', 'Srikakulam', 14, 735),
('VISAKHAPATNAM -> NELLORE', 'Visakhapatnam', 1, 0),
('VISAKHAPATNAM -> NELLORE', 'Anakapalle', 2, 30),
('VISAKHAPATNAM -> NELLORE', 'Tuni', 3, 95),
('VISAKHAPATNAM -> NELLORE', 'Samalkot', 4, 155),
('VISAKHAPATNAM -> NELLORE', 'Kakinada', 5, 170),
('VISAKHAPATNAM -> NELLORE', 'Rajahmundry', 6, 215),
('VISAKHAPATNAM -> NELLORE', 'Ravulapalem', 7, 240),
('VISAKHAPATNAM -> NELLORE', 'Bhimavaram', 8, 335),
('VISAKHAPATNAM -> NELLORE', 'Eluru', 9, 410),
('VISAKHAPATNAM -> NELLORE', 'Vijayawada', 10, 465),
('VISAKHAPATNAM -> NELLORE', 'Guntur', 11, 500),
('VISAKHAPATNAM -> NELLORE', 'Ongole', 12, 610),
('VISAKHAPATNAM -> NELLORE', 'Nellore', 13, 745),
('NELLORE -> VISAKHAPATNAM', 'Nellore', 1, 0),
('NELLORE -> VISAKHAPATNAM', 'Ongole', 2, 135),
('NELLORE -> VISAKHAPATNAM', 'Guntur', 3, 245),
('NELLORE -> VISAKHAPATNAM', 'Vijayawada', 4, 280),
('NELLORE -> VISAKHAPATNAM', 'Eluru', 5, 335),
('NELLORE -> VISAKHAPATNAM', 'Bhimavaram', 6, 410),
('NELLORE -> VISAKHAPATNAM', 'Ravulapalem', 7, 505),
('NELLORE -> VISAKHAPATNAM', 'Rajahmundry', 8, 530),
('NELLORE -> VISAKHAPATNAM', 'Kakinada', 9, 575),
('NELLORE -> VISAKHAPATNAM', 'Samalkot', 10, 590),
('NELLORE -> VISAKHAPATNAM', 'Tuni', 11, 650),
('NELLORE -> VISAKHAPATNAM', 'Anakapalle', 12, 715),
('NELLORE -> VISAKHAPATNAM', 'Visakhapatnam', 13, 745),
('VIJAYAWADA -> KURNOOL', 'Vijayawada', 1, 0),
('VIJAYAWADA -> KURNOOL', 'Guntur', 2, 35),
('VIJAYAWADA -> KURNOOL', 'Ongole', 3, 145),
('VIJAYAWADA -> KURNOOL', 'Nellore', 4, 280),
('VIJAYAWADA -> KURNOOL', 'Tirupati', 5, 410),
('VIJAYAWADA -> KURNOOL', 'Kadapa', 6, 545),
('VIJAYAWADA -> KURNOOL', 'Kurnool', 7, 760),
('KURNOOL -> VIJAYAWADA', 'Kurnool', 1, 0),
('KURNOOL -> VIJAYAWADA', 'Kadapa', 2, 215),
('KURNOOL -> VIJAYAWADA', 'Tirupati', 3, 350),
('KURNOOL -> VIJAYAWADA', 'Nellore', 4, 480),
('KURNOOL -> VIJAYAWADA', 'Ongole', 5, 615),
('KURNOOL -> VIJAYAWADA', 'Guntur', 6, 725),
('KURNOOL -> VIJAYAWADA', 'Vijayawada', 7, 760),
('ONGOLE -> ANANTAPUR', 'Ongole', 1, 0),
('ONGOLE -> ANANTAPUR', 'Nellore', 2, 135),
('ONGOLE -> ANANTAPUR', 'Tirupati', 3, 265),
('ONGOLE -> ANANTAPUR', 'Kadapa', 4, 400),
('ONGOLE -> ANANTAPUR', 'Kurnool', 5, 615),
('ONGOLE -> ANANTAPUR', 'Anantapur', 6, 770),
('ANANTAPUR -> ONGOLE', 'Anantapur', 1, 0),
('ANANTAPUR -> ONGOLE', 'Kurnool', 2, 155),
('ANANTAPUR -> ONGOLE', 'Kadapa', 3, 370),
('ANANTAPUR -> ONGOLE', 'Tirupati', 4, 505),
('ANANTAPUR -> ONGOLE', 'Nellore', 5, 635),
('ANANTAPUR -> ONGOLE', 'Ongole', 6, 770),
('RAVULAPALEM -> KADAPA', 'Ravulapalem', 1, 0),
('RAVULAPALEM -> KADAPA', 'Bhimavaram', 2, 95),
('RAVULAPALEM -> KADAPA', 'Eluru', 3, 170),
('RAVULAPALEM -> KADAPA', 'Vijayawada', 4, 225),
('RAVULAPALEM -> KADAPA', 'Guntur', 5, 260),
('RAVULAPALEM -> KADAPA', 'Ongole', 6, 370),
('RAVULAPALEM -> KADAPA', 'Nellore', 7, 505),
('RAVULAPALEM -> KADAPA', 'Tirupati', 8, 635),
('RAVULAPALEM -> KADAPA', 'Kadapa', 9, 770),
('KADAPA -> RAVULAPALEM', 'Kadapa', 1, 0),
('KADAPA -> RAVULAPALEM', 'Tirupati', 2, 135),
('KADAPA -> RAVULAPALEM', 'Nellore', 3, 265),
('KADAPA -> RAVULAPALEM', 'Ongole', 4, 400),
('KADAPA -> RAVULAPALEM', 'Guntur', 5, 510),
('KADAPA -> RAVULAPALEM', 'Vijayawada', 6, 545),
('KADAPA -> RAVULAPALEM', 'Eluru', 7, 600),
('KADAPA -> RAVULAPALEM', 'Bhimavaram', 8, 675),
('KADAPA -> RAVULAPALEM', 'Ravulapalem', 9, 770),
('TUNI -> TIRUPATI', 'Tuni', 1, 0),
('TUNI -> TIRUPATI', 'Samalkot', 2, 60),
('TUNI -> TIRUPATI', 'Kakinada', 3, 75),
('TUNI -> TIRUPATI', 'Rajahmundry', 4, 120),
('TUNI -> TIRUPATI', 'Ravulapalem', 5, 145),
('TUNI -> TIRUPATI', 'Bhimavaram', 6, 240),
('TUNI -> TIRUPATI', 'Eluru', 7, 315),
('TUNI -> TIRUPATI', 'Vijayawada', 8, 370),
('TUNI -> TIRUPATI', 'Guntur', 9, 405),
('TUNI -> TIRUPATI', 'Ongole', 10, 515),
('TUNI -> TIRUPATI', 'Nellore', 11, 650),
('TUNI -> TIRUPATI', 'Tirupati', 12, 780),
('TIRUPATI -> TUNI', 'Tirupati', 1, 0),
('TIRUPATI -> TUNI', 'Nellore', 2, 130),
('TIRUPATI -> TUNI', 'Ongole', 3, 265),
('TIRUPATI -> TUNI', 'Guntur', 4, 375),
('TIRUPATI -> TUNI', 'Vijayawada', 5, 410),
('TIRUPATI -> TUNI', 'Eluru', 6, 465),
('TIRUPATI -> TUNI', 'Bhimavaram', 7, 540),
('TIRUPATI -> TUNI', 'Ravulapalem', 8, 635),
('TIRUPATI -> TUNI', 'Rajahmundry', 9, 660),
('TIRUPATI -> TUNI', 'Kakinada', 10, 705),
('TIRUPATI -> TUNI', 'Samalkot', 11, 720),
('TIRUPATI -> TUNI', 'Tuni', 12, 780),
('RAJAHMUNDRY -> KADAPA', 'Rajahmundry', 1, 0),
('RAJAHMUNDRY -> KADAPA', 'Ravulapalem', 2, 25),
('RAJAHMUNDRY -> KADAPA', 'Bhimavaram', 3, 120),
('RAJAHMUNDRY -> KADAPA', 'Eluru', 4, 195),
('RAJAHMUNDRY -> KADAPA', 'Vijayawada', 5, 250),
('RAJAHMUNDRY -> KADAPA', 'Guntur', 6, 285),
('RAJAHMUNDRY -> KADAPA', 'Ongole', 7, 395),
('RAJAHMUNDRY -> KADAPA', 'Nellore', 8, 530),
('RAJAHMUNDRY -> KADAPA', 'Tirupati', 9, 660),
('RAJAHMUNDRY -> KADAPA', 'Kadapa', 10, 795),
('KADAPA -> RAJAHMUNDRY', 'Kadapa', 1, 0),
('KADAPA -> RAJAHMUNDRY', 'Tirupati', 2, 135),
('KADAPA -> RAJAHMUNDRY', 'Nellore', 3, 265),
('KADAPA -> RAJAHMUNDRY', 'Ongole', 4, 400),
('KADAPA -> RAJAHMUNDRY', 'Guntur', 5, 510),
('KADAPA -> RAJAHMUNDRY', 'Vijayawada', 6, 545),
('KADAPA -> RAJAHMUNDRY', 'Eluru', 7, 600),
('KADAPA -> RAJAHMUNDRY', 'Bhimavaram', 8, 675),
('KADAPA -> RAJAHMUNDRY', 'Ravulapalem', 9, 770),
('KADAPA -> RAJAHMUNDRY', 'Rajahmundry', 10, 795),
('VIZIANAGARAM -> NELLORE', 'Vizianagaram', 1, 0),
('VIZIANAGARAM -> NELLORE', 'Visakhapatnam', 2, 60),
('VIZIANAGARAM -> NELLORE', 'Anakapalle', 3, 90),
('VIZIANAGARAM -> NELLORE', 'Tuni', 4, 155),
('VIZIANAGARAM -> NELLORE', 'Samalkot', 5, 215),
('VIZIANAGARAM -> NELLORE', 'Kakinada', 6, 230),
('VIZIANAGARAM -> NELLORE', 'Rajahmundry', 7, 275),
('VIZIANAGARAM -> NELLORE', 'Ravulapalem', 8, 300),
('VIZIANAGARAM -> NELLORE', 'Bhimavaram', 9, 395),
('VIZIANAGARAM -> NELLORE', 'Eluru', 10, 470),
('VIZIANAGARAM -> NELLORE', 'Vijayawada', 11, 525),
('VIZIANAGARAM -> NELLORE', 'Guntur', 12, 560),
('VIZIANAGARAM -> NELLORE', 'Ongole', 13, 670),
('VIZIANAGARAM -> NELLORE', 'Nellore', 14, 805),
('NELLORE -> VIZIANAGARAM', 'Nellore', 1, 0),
('NELLORE -> VIZIANAGARAM', 'Ongole', 2, 135),
('NELLORE -> VIZIANAGARAM', 'Guntur', 3, 245),
('NELLORE -> VIZIANAGARAM', 'Vijayawada', 4, 280),
('NELLORE -> VIZIANAGARAM', 'Eluru', 5, 335),
('NELLORE -> VIZIANAGARAM', 'Bhimavaram', 6, 410),
('NELLORE -> VIZIANAGARAM', 'Ravulapalem', 7, 505),
('NELLORE -> VIZIANAGARAM', 'Rajahmundry', 8, 530),
('NELLORE -> VIZIANAGARAM', 'Kakinada', 9, 575),
('NELLORE -> VIZIANAGARAM', 'Samalkot', 10, 590),
('NELLORE -> VIZIANAGARAM', 'Tuni', 11, 650),
('NELLORE -> VIZIANAGARAM', 'Anakapalle', 12, 715),
('NELLORE -> VIZIANAGARAM', 'Visakhapatnam', 13, 745),
('NELLORE -> VIZIANAGARAM', 'Vizianagaram', 14, 805),
('ELURU -> KURNOOL', 'Eluru', 1, 0),
('ELURU -> KURNOOL', 'Vijayawada', 2, 55),
('ELURU -> KURNOOL', 'Guntur', 3, 90),
('ELURU -> KURNOOL', 'Ongole', 4, 200),
('ELURU -> KURNOOL', 'Nellore', 5, 335),
('ELURU -> KURNOOL', 'Tirupati', 6, 465),
('ELURU -> KURNOOL', 'Kadapa', 7, 600),
('ELURU -> KURNOOL', 'Kurnool', 8, 815),
('KURNOOL -> ELURU', 'Kurnool', 1, 0),
('KURNOOL -> ELURU', 'Kadapa', 2, 215),
('KURNOOL -> ELURU', 'Tirupati', 3, 350),
('KURNOOL -> ELURU', 'Nellore', 4, 480),
('KURNOOL -> ELURU', 'Ongole', 5, 615),
('KURNOOL -> ELURU', 'Guntur', 6, 725),
('KURNOOL -> ELURU', 'Vijayawada', 7, 760),
('KURNOOL -> ELURU', 'Eluru', 8, 815),
('KAKINADA -> KADAPA', 'Kakinada', 1, 0),
('KAKINADA -> KADAPA', 'Rajahmundry', 2, 45),
('KAKINADA -> KADAPA', 'Ravulapalem', 3, 70),
('KAKINADA -> KADAPA', 'Bhimavaram', 4, 165),
('KAKINADA -> KADAPA', 'Eluru', 5, 240),
('KAKINADA -> KADAPA', 'Vijayawada', 6, 295),
('KAKINADA -> KADAPA', 'Guntur', 7, 330),
('KAKINADA -> KADAPA', 'Ongole', 8, 440),
('KAKINADA -> KADAPA', 'Nellore', 9, 575),
('KAKINADA -> KADAPA', 'Tirupati', 10, 705),
('KAKINADA -> KADAPA', 'Kadapa', 11, 840),
('KADAPA -> KAKINADA', 'Kadapa', 1, 0),
('KADAPA -> KAKINADA', 'Tirupati', 2, 135),
('KADAPA -> KAKINADA', 'Nellore', 3, 265),
('KADAPA -> KAKINADA', 'Ongole', 4, 400),
('KADAPA -> KAKINADA', 'Guntur', 5, 510),
('KADAPA -> KAKINADA', 'Vijayawada', 6, 545),
('KADAPA -> KAKINADA', 'Eluru', 7, 600),
('KADAPA -> KAKINADA', 'Bhimavaram', 8, 675),
('KADAPA -> KAKINADA', 'Ravulapalem', 9, 770),
('KADAPA -> KAKINADA', 'Rajahmundry', 10, 795),
('KADAPA -> KAKINADA', 'Kakinada', 11, 840),
('ANAKAPALLE -> TIRUPATI', 'Anakapalle', 1, 0),
('ANAKAPALLE -> TIRUPATI', 'Tuni', 2, 65),
('ANAKAPALLE -> TIRUPATI', 'Samalkot', 3, 125),
('ANAKAPALLE -> TIRUPATI', 'Kakinada', 4, 140),
('ANAKAPALLE -> TIRUPATI', 'Rajahmundry', 5, 185),
('ANAKAPALLE -> TIRUPATI', 'Ravulapalem', 6, 210),
('ANAKAPALLE -> TIRUPATI', 'Bhimavaram', 7, 305),
('ANAKAPALLE -> TIRUPATI', 'Eluru', 8, 380),
('ANAKAPALLE -> TIRUPATI', 'Vijayawada', 9, 435),
('ANAKAPALLE -> TIRUPATI', 'Guntur', 10, 470),
('ANAKAPALLE -> TIRUPATI', 'Ongole', 11, 580),
('ANAKAPALLE -> TIRUPATI', 'Nellore', 12, 715),
('ANAKAPALLE -> TIRUPATI', 'Tirupati', 13, 845),
('TIRUPATI -> ANAKAPALLE', 'Tirupati', 1, 0),
('TIRUPATI -> ANAKAPALLE', 'Nellore', 2, 130),
('TIRUPATI -> ANAKAPALLE', 'Ongole', 3, 265),
('TIRUPATI -> ANAKAPALLE', 'Guntur', 4, 375),
('TIRUPATI -> ANAKAPALLE', 'Vijayawada', 5, 410),
('TIRUPATI -> ANAKAPALLE', 'Eluru', 6, 465),
('TIRUPATI -> ANAKAPALLE', 'Bhimavaram', 7, 540),
('TIRUPATI -> ANAKAPALLE', 'Ravulapalem', 8, 635),
('TIRUPATI -> ANAKAPALLE', 'Rajahmundry', 9, 660),
('TIRUPATI -> ANAKAPALLE', 'Kakinada', 10, 705),
('TIRUPATI -> ANAKAPALLE', 'Samalkot', 11, 720),
('TIRUPATI -> ANAKAPALLE', 'Tuni', 12, 780),
('TIRUPATI -> ANAKAPALLE', 'Anakapalle', 13, 845),
('SAMALKOT -> KADAPA', 'Samalkot', 1, 0),
('SAMALKOT -> KADAPA', 'Kakinada', 2, 15),
('SAMALKOT -> KADAPA', 'Rajahmundry', 3, 60),
('SAMALKOT -> KADAPA', 'Ravulapalem', 4, 85),
('SAMALKOT -> KADAPA', 'Bhimavaram', 5, 180),
('SAMALKOT -> KADAPA', 'Eluru', 6, 255),
('SAMALKOT -> KADAPA', 'Vijayawada', 7, 310),
('SAMALKOT -> KADAPA', 'Guntur', 8, 345),
('SAMALKOT -> KADAPA', 'Ongole', 9, 455),
('SAMALKOT -> KADAPA', 'Nellore', 10, 590),
('SAMALKOT -> KADAPA', 'Tirupati', 11, 720),
('SAMALKOT -> KADAPA', 'Kadapa', 12, 855),
('KADAPA -> SAMALKOT', 'Kadapa', 1, 0),
('KADAPA -> SAMALKOT', 'Tirupati', 2, 135),
('KADAPA -> SAMALKOT', 'Nellore', 3, 265),
('KADAPA -> SAMALKOT', 'Ongole', 4, 400),
('KADAPA -> SAMALKOT', 'Guntur', 5, 510),
('KADAPA -> SAMALKOT', 'Vijayawada', 6, 545),
('KADAPA -> SAMALKOT', 'Eluru', 7, 600),
('KADAPA -> SAMALKOT', 'Bhimavaram', 8, 675),
('KADAPA -> SAMALKOT', 'Ravulapalem', 9, 770),
('KADAPA -> SAMALKOT', 'Rajahmundry', 10, 795),
('KADAPA -> SAMALKOT', 'Kakinada', 11, 840),
('KADAPA -> SAMALKOT', 'Samalkot', 12, 855),
('SRIKAKULAM -> NELLORE', 'Srikakulam', 1, 0),
('SRIKAKULAM -> NELLORE', 'Vizianagaram', 2, 65),
('SRIKAKULAM -> NELLORE', 'Visakhapatnam', 3, 125),
('SRIKAKULAM -> NELLORE', 'Anakapalle', 4, 155),
('SRIKAKULAM -> NELLORE', 'Tuni', 5, 220),
('SRIKAKULAM -> NELLORE', 'Samalkot', 6, 280),
('SRIKAKULAM -> NELLORE', 'Kakinada', 7, 295),
('SRIKAKULAM -> NELLORE', 'Rajahmundry', 8, 340),
('SRIKAKULAM -> NELLORE', 'Ravulapalem', 9, 365),
('SRIKAKULAM -> NELLORE', 'Bhimavaram', 10, 460),
('SRIKAKULAM -> NELLORE', 'Eluru', 11, 535),
('SRIKAKULAM -> NELLORE', 'Vijayawada', 12, 590),
('SRIKAKULAM -> NELLORE', 'Guntur', 13, 625),
('SRIKAKULAM -> NELLORE', 'Ongole', 14, 735),
('SRIKAKULAM -> NELLORE', 'Nellore', 15, 870),
('NELLORE -> SRIKAKULAM', 'Nellore', 1, 0),
('NELLORE -> SRIKAKULAM', 'Ongole', 2, 135),
('NELLORE -> SRIKAKULAM', 'Guntur', 3, 245),
('NELLORE -> SRIKAKULAM', 'Vijayawada', 4, 280),
('NELLORE -> SRIKAKULAM', 'Eluru', 5, 335),
('NELLORE -> SRIKAKULAM', 'Bhimavaram', 6, 410),
('NELLORE -> SRIKAKULAM', 'Ravulapalem', 7, 505),
('NELLORE -> SRIKAKULAM', 'Rajahmundry', 8, 530),
('NELLORE -> SRIKAKULAM', 'Kakinada', 9, 575),
('NELLORE -> SRIKAKULAM', 'Samalkot', 10, 590),
('NELLORE -> SRIKAKULAM', 'Tuni', 11, 650),
('NELLORE -> SRIKAKULAM', 'Anakapalle', 12, 715),
('NELLORE -> SRIKAKULAM', 'Visakhapatnam', 13, 745),
('NELLORE -> SRIKAKULAM', 'Vizianagaram', 14, 805),
('NELLORE -> SRIKAKULAM', 'Srikakulam', 15, 870),
('VISAKHAPATNAM -> TIRUPATI', 'Visakhapatnam', 1, 0),
('VISAKHAPATNAM -> TIRUPATI', 'Anakapalle', 2, 30),
('VISAKHAPATNAM -> TIRUPATI', 'Tuni', 3, 95),
('VISAKHAPATNAM -> TIRUPATI', 'Samalkot', 4, 155),
('VISAKHAPATNAM -> TIRUPATI', 'Kakinada', 5, 170),
('VISAKHAPATNAM -> TIRUPATI', 'Rajahmundry', 6, 215),
('VISAKHAPATNAM -> TIRUPATI', 'Ravulapalem', 7, 240),
('VISAKHAPATNAM -> TIRUPATI', 'Bhimavaram', 8, 335),
('VISAKHAPATNAM -> TIRUPATI', 'Eluru', 9, 410),
('VISAKHAPATNAM -> TIRUPATI', 'Vijayawada', 10, 465),
('VISAKHAPATNAM -> TIRUPATI', 'Guntur', 11, 500),
('VISAKHAPATNAM -> TIRUPATI', 'Ongole', 12, 610),
('VISAKHAPATNAM -> TIRUPATI', 'Nellore', 13, 745),
('VISAKHAPATNAM -> TIRUPATI', 'Tirupati', 14, 875),
('TIRUPATI -> VISAKHAPATNAM', 'Tirupati', 1, 0),
('TIRUPATI -> VISAKHAPATNAM', 'Nellore', 2, 130),
('TIRUPATI -> VISAKHAPATNAM', 'Ongole', 3, 265),
('TIRUPATI -> VISAKHAPATNAM', 'Guntur', 4, 375),
('TIRUPATI -> VISAKHAPATNAM', 'Vijayawada', 5, 410),
('TIRUPATI -> VISAKHAPATNAM', 'Eluru', 6, 465),
('TIRUPATI -> VISAKHAPATNAM', 'Bhimavaram', 7, 540),
('TIRUPATI -> VISAKHAPATNAM', 'Ravulapalem', 8, 635),
('TIRUPATI -> VISAKHAPATNAM', 'Rajahmundry', 9, 660),
('TIRUPATI -> VISAKHAPATNAM', 'Kakinada', 10, 705),
('TIRUPATI -> VISAKHAPATNAM', 'Samalkot', 11, 720),
('TIRUPATI -> VISAKHAPATNAM', 'Tuni', 12, 780),
('TIRUPATI -> VISAKHAPATNAM', 'Anakapalle', 13, 845),
('TIRUPATI -> VISAKHAPATNAM', 'Visakhapatnam', 14, 875),
('GUNTUR -> ANANTAPUR', 'Guntur', 1, 0),
('GUNTUR -> ANANTAPUR', 'Ongole', 2, 110),
('GUNTUR -> ANANTAPUR', 'Nellore', 3, 245),
('GUNTUR -> ANANTAPUR', 'Tirupati', 4, 375),
('GUNTUR -> ANANTAPUR', 'Kadapa', 5, 510),
('GUNTUR -> ANANTAPUR', 'Kurnool', 6, 725),
('GUNTUR -> ANANTAPUR', 'Anantapur', 7, 880),
('ANANTAPUR -> GUNTUR', 'Anantapur', 1, 0),
('ANANTAPUR -> GUNTUR', 'Kurnool', 2, 155),
('ANANTAPUR -> GUNTUR', 'Kadapa', 3, 370),
('ANANTAPUR -> GUNTUR', 'Tirupati', 4, 505),
('ANANTAPUR -> GUNTUR', 'Nellore', 5, 635),
('ANANTAPUR -> GUNTUR', 'Ongole', 6, 770),
('ANANTAPUR -> GUNTUR', 'Guntur', 7, 880),
('BHIMAVARAM -> KURNOOL', 'Bhimavaram', 1, 0),
('BHIMAVARAM -> KURNOOL', 'Eluru', 2, 75),
('BHIMAVARAM -> KURNOOL', 'Vijayawada', 3, 130),
('BHIMAVARAM -> KURNOOL', 'Guntur', 4, 165),
('BHIMAVARAM -> KURNOOL', 'Ongole', 5, 275),
('BHIMAVARAM -> KURNOOL', 'Nellore', 6, 410),
('BHIMAVARAM -> KURNOOL', 'Tirupati', 7, 540),
('BHIMAVARAM -> KURNOOL', 'Kadapa', 8, 675),
('BHIMAVARAM -> KURNOOL', 'Kurnool', 9, 890),
('KURNOOL -> BHIMAVARAM', 'Kurnool', 1, 0),
('KURNOOL -> BHIMAVARAM', 'Kadapa', 2, 215),
('KURNOOL -> BHIMAVARAM', 'Tirupati', 3, 350),
('KURNOOL -> BHIMAVARAM', 'Nellore', 4, 480),
('KURNOOL -> BHIMAVARAM', 'Ongole', 5, 615),
('KURNOOL -> BHIMAVARAM', 'Guntur', 6, 725),
('KURNOOL -> BHIMAVARAM', 'Vijayawada', 7, 760),
('KURNOOL -> BHIMAVARAM', 'Eluru', 8, 815),
('KURNOOL -> BHIMAVARAM', 'Bhimavaram', 9, 890),
('TUNI -> KADAPA', 'Tuni', 1, 0),
('TUNI -> KADAPA', 'Samalkot', 2, 60),
('TUNI -> KADAPA', 'Kakinada', 3, 75),
('TUNI -> KADAPA', 'Rajahmundry', 4, 120),
('TUNI -> KADAPA', 'Ravulapalem', 5, 145),
('TUNI -> KADAPA', 'Bhimavaram', 6, 240),
('TUNI -> KADAPA', 'Eluru', 7, 315),
('TUNI -> KADAPA', 'Vijayawada', 8, 370),
('TUNI -> KADAPA', 'Guntur', 9, 405),
('TUNI -> KADAPA', 'Ongole', 10, 515),
('TUNI -> KADAPA', 'Nellore', 11, 650),
('TUNI -> KADAPA', 'Tirupati', 12, 780),
('TUNI -> KADAPA', 'Kadapa', 13, 915),
('KADAPA -> TUNI', 'Kadapa', 1, 0),
('KADAPA -> TUNI', 'Tirupati', 2, 135),
('KADAPA -> TUNI', 'Nellore', 3, 265),
('KADAPA -> TUNI', 'Ongole', 4, 400),
('KADAPA -> TUNI', 'Guntur', 5, 510),
('KADAPA -> TUNI', 'Vijayawada', 6, 545),
('KADAPA -> TUNI', 'Eluru', 7, 600),
('KADAPA -> TUNI', 'Bhimavaram', 8, 675),
('KADAPA -> TUNI', 'Ravulapalem', 9, 770),
('KADAPA -> TUNI', 'Rajahmundry', 10, 795),
('KADAPA -> TUNI', 'Kakinada', 11, 840),
('KADAPA -> TUNI', 'Samalkot', 12, 855),
('KADAPA -> TUNI', 'Tuni', 13, 915),
('VIJAYAWADA -> ANANTAPUR', 'Vijayawada', 1, 0),
('VIJAYAWADA -> ANANTAPUR', 'Guntur', 2, 35),
('VIJAYAWADA -> ANANTAPUR', 'Ongole', 3, 145),
('VIJAYAWADA -> ANANTAPUR', 'Nellore', 4, 280),
('VIJAYAWADA -> ANANTAPUR', 'Tirupati', 5, 410),
('VIJAYAWADA -> ANANTAPUR', 'Kadapa', 6, 545),
('VIJAYAWADA -> ANANTAPUR', 'Kurnool', 7, 760),
('VIJAYAWADA -> ANANTAPUR', 'Anantapur', 8, 915),
('ANANTAPUR -> VIJAYAWADA', 'Anantapur', 1, 0),
('ANANTAPUR -> VIJAYAWADA', 'Kurnool', 2, 155),
('ANANTAPUR -> VIJAYAWADA', 'Kadapa', 3, 370),
('ANANTAPUR -> VIJAYAWADA', 'Tirupati', 4, 505),
('ANANTAPUR -> VIJAYAWADA', 'Nellore', 5, 635),
('ANANTAPUR -> VIJAYAWADA', 'Ongole', 6, 770),
('ANANTAPUR -> VIJAYAWADA', 'Guntur', 7, 880),
('ANANTAPUR -> VIJAYAWADA', 'Vijayawada', 8, 915),
('VIZIANAGARAM -> TIRUPATI', 'Vizianagaram', 1, 0),
('VIZIANAGARAM -> TIRUPATI', 'Visakhapatnam', 2, 60),
('VIZIANAGARAM -> TIRUPATI', 'Anakapalle', 3, 90),
('VIZIANAGARAM -> TIRUPATI', 'Tuni', 4, 155),
('VIZIANAGARAM -> TIRUPATI', 'Samalkot', 5, 215),
('VIZIANAGARAM -> TIRUPATI', 'Kakinada', 6, 230),
('VIZIANAGARAM -> TIRUPATI', 'Rajahmundry', 7, 275),
('VIZIANAGARAM -> TIRUPATI', 'Ravulapalem', 8, 300),
('VIZIANAGARAM -> TIRUPATI', 'Bhimavaram', 9, 395),
('VIZIANAGARAM -> TIRUPATI', 'Eluru', 10, 470),
('VIZIANAGARAM -> TIRUPATI', 'Vijayawada', 11, 525),
('VIZIANAGARAM -> TIRUPATI', 'Guntur', 12, 560),
('VIZIANAGARAM -> TIRUPATI', 'Ongole', 13, 670),
('VIZIANAGARAM -> TIRUPATI', 'Nellore', 14, 805),
('VIZIANAGARAM -> TIRUPATI', 'Tirupati', 15, 935),
('TIRUPATI -> VIZIANAGARAM', 'Tirupati', 1, 0),
('TIRUPATI -> VIZIANAGARAM', 'Nellore', 2, 130),
('TIRUPATI -> VIZIANAGARAM', 'Ongole', 3, 265),
('TIRUPATI -> VIZIANAGARAM', 'Guntur', 4, 375),
('TIRUPATI -> VIZIANAGARAM', 'Vijayawada', 5, 410),
('TIRUPATI -> VIZIANAGARAM', 'Eluru', 6, 465),
('TIRUPATI -> VIZIANAGARAM', 'Bhimavaram', 7, 540),
('TIRUPATI -> VIZIANAGARAM', 'Ravulapalem', 8, 635),
('TIRUPATI -> VIZIANAGARAM', 'Rajahmundry', 9, 660),
('TIRUPATI -> VIZIANAGARAM', 'Kakinada', 10, 705),
('TIRUPATI -> VIZIANAGARAM', 'Samalkot', 11, 720),
('TIRUPATI -> VIZIANAGARAM', 'Tuni', 12, 780),
('TIRUPATI -> VIZIANAGARAM', 'Anakapalle', 13, 845),
('TIRUPATI -> VIZIANAGARAM', 'Visakhapatnam', 14, 875),
('TIRUPATI -> VIZIANAGARAM', 'Vizianagaram', 15, 935),
('ELURU -> ANANTAPUR', 'Eluru', 1, 0),
('ELURU -> ANANTAPUR', 'Vijayawada', 2, 55),
('ELURU -> ANANTAPUR', 'Guntur', 3, 90),
('ELURU -> ANANTAPUR', 'Ongole', 4, 200),
('ELURU -> ANANTAPUR', 'Nellore', 5, 335),
('ELURU -> ANANTAPUR', 'Tirupati', 6, 465),
('ELURU -> ANANTAPUR', 'Kadapa', 7, 600),
('ELURU -> ANANTAPUR', 'Kurnool', 8, 815),
('ELURU -> ANANTAPUR', 'Anantapur', 9, 970),
('ANANTAPUR -> ELURU', 'Anantapur', 1, 0),
('ANANTAPUR -> ELURU', 'Kurnool', 2, 155),
('ANANTAPUR -> ELURU', 'Kadapa', 3, 370),
('ANANTAPUR -> ELURU', 'Tirupati', 4, 505),
('ANANTAPUR -> ELURU', 'Nellore', 5, 635),
('ANANTAPUR -> ELURU', 'Ongole', 6, 770),
('ANANTAPUR -> ELURU', 'Guntur', 7, 880),
('ANANTAPUR -> ELURU', 'Vijayawada', 8, 915),
('ANANTAPUR -> ELURU', 'Eluru', 9, 970),
('ANAKAPALLE -> KADAPA', 'Anakapalle', 1, 0),
('ANAKAPALLE -> KADAPA', 'Tuni', 2, 65),
('ANAKAPALLE -> KADAPA', 'Samalkot', 3, 125),
('ANAKAPALLE -> KADAPA', 'Kakinada', 4, 140),
('ANAKAPALLE -> KADAPA', 'Rajahmundry', 5, 185),
('ANAKAPALLE -> KADAPA', 'Ravulapalem', 6, 210),
('ANAKAPALLE -> KADAPA', 'Bhimavaram', 7, 305),
('ANAKAPALLE -> KADAPA', 'Eluru', 8, 380),
('ANAKAPALLE -> KADAPA', 'Vijayawada', 9, 435),
('ANAKAPALLE -> KADAPA', 'Guntur', 10, 470),
('ANAKAPALLE -> KADAPA', 'Ongole', 11, 580),
('ANAKAPALLE -> KADAPA', 'Nellore', 12, 715),
('ANAKAPALLE -> KADAPA', 'Tirupati', 13, 845),
('ANAKAPALLE -> KADAPA', 'Kadapa', 14, 980),
('KADAPA -> ANAKAPALLE', 'Kadapa', 1, 0),
('KADAPA -> ANAKAPALLE', 'Tirupati', 2, 135),
('KADAPA -> ANAKAPALLE', 'Nellore', 3, 265),
('KADAPA -> ANAKAPALLE', 'Ongole', 4, 400),
('KADAPA -> ANAKAPALLE', 'Guntur', 5, 510),
('KADAPA -> ANAKAPALLE', 'Vijayawada', 6, 545),
('KADAPA -> ANAKAPALLE', 'Eluru', 7, 600),
('KADAPA -> ANAKAPALLE', 'Bhimavaram', 8, 675),
('KADAPA -> ANAKAPALLE', 'Ravulapalem', 9, 770),
('KADAPA -> ANAKAPALLE', 'Rajahmundry', 10, 795),
('KADAPA -> ANAKAPALLE', 'Kakinada', 11, 840),
('KADAPA -> ANAKAPALLE', 'Samalkot', 12, 855),
('KADAPA -> ANAKAPALLE', 'Tuni', 13, 915),
('KADAPA -> ANAKAPALLE', 'Anakapalle', 14, 980),
('RAVULAPALEM -> KURNOOL', 'Ravulapalem', 1, 0),
('RAVULAPALEM -> KURNOOL', 'Bhimavaram', 2, 95),
('RAVULAPALEM -> KURNOOL', 'Eluru', 3, 170),
('RAVULAPALEM -> KURNOOL', 'Vijayawada', 4, 225),
('RAVULAPALEM -> KURNOOL', 'Guntur', 5, 260),
('RAVULAPALEM -> KURNOOL', 'Ongole', 6, 370),
('RAVULAPALEM -> KURNOOL', 'Nellore', 7, 505),
('RAVULAPALEM -> KURNOOL', 'Tirupati', 8, 635),
('RAVULAPALEM -> KURNOOL', 'Kadapa', 9, 770),
('RAVULAPALEM -> KURNOOL', 'Kurnool', 10, 985),
('KURNOOL -> RAVULAPALEM', 'Kurnool', 1, 0),
('KURNOOL -> RAVULAPALEM', 'Kadapa', 2, 215),
('KURNOOL -> RAVULAPALEM', 'Tirupati', 3, 350),
('KURNOOL -> RAVULAPALEM', 'Nellore', 4, 480),
('KURNOOL -> RAVULAPALEM', 'Ongole', 5, 615),
('KURNOOL -> RAVULAPALEM', 'Guntur', 6, 725),
('KURNOOL -> RAVULAPALEM', 'Vijayawada', 7, 760),
('KURNOOL -> RAVULAPALEM', 'Eluru', 8, 815),
('KURNOOL -> RAVULAPALEM', 'Bhimavaram', 9, 890),
('KURNOOL -> RAVULAPALEM', 'Ravulapalem', 10, 985),
('SRIKAKULAM -> TIRUPATI', 'Srikakulam', 1, 0),
('SRIKAKULAM -> TIRUPATI', 'Vizianagaram', 2, 65),
('SRIKAKULAM -> TIRUPATI', 'Visakhapatnam', 3, 125),
('SRIKAKULAM -> TIRUPATI', 'Anakapalle', 4, 155),
('SRIKAKULAM -> TIRUPATI', 'Tuni', 5, 220),
('SRIKAKULAM -> TIRUPATI', 'Samalkot', 6, 280),
('SRIKAKULAM -> TIRUPATI', 'Kakinada', 7, 295),
('SRIKAKULAM -> TIRUPATI', 'Rajahmundry', 8, 340),
('SRIKAKULAM -> TIRUPATI', 'Ravulapalem', 9, 365),
('SRIKAKULAM -> TIRUPATI', 'Bhimavaram', 10, 460),
('SRIKAKULAM -> TIRUPATI', 'Eluru', 11, 535),
('SRIKAKULAM -> TIRUPATI', 'Vijayawada', 12, 590),
('SRIKAKULAM -> TIRUPATI', 'Guntur', 13, 625),
('SRIKAKULAM -> TIRUPATI', 'Ongole', 14, 735),
('SRIKAKULAM -> TIRUPATI', 'Nellore', 15, 870),
('SRIKAKULAM -> TIRUPATI', 'Tirupati', 16, 1000),
('TIRUPATI -> SRIKAKULAM', 'Tirupati', 1, 0),
('TIRUPATI -> SRIKAKULAM', 'Nellore', 2, 130),
('TIRUPATI -> SRIKAKULAM', 'Ongole', 3, 265),
('TIRUPATI -> SRIKAKULAM', 'Guntur', 4, 375),
('TIRUPATI -> SRIKAKULAM', 'Vijayawada', 5, 410),
('TIRUPATI -> SRIKAKULAM', 'Eluru', 6, 465),
('TIRUPATI -> SRIKAKULAM', 'Bhimavaram', 7, 540),
('TIRUPATI -> SRIKAKULAM', 'Ravulapalem', 8, 635),
('TIRUPATI -> SRIKAKULAM', 'Rajahmundry', 9, 660),
('TIRUPATI -> SRIKAKULAM', 'Kakinada', 10, 705),
('TIRUPATI -> SRIKAKULAM', 'Samalkot', 11, 720),
('TIRUPATI -> SRIKAKULAM', 'Tuni', 12, 780),
('TIRUPATI -> SRIKAKULAM', 'Anakapalle', 13, 845),
('TIRUPATI -> SRIKAKULAM', 'Visakhapatnam', 14, 875),
('TIRUPATI -> SRIKAKULAM', 'Vizianagaram', 15, 935),
('TIRUPATI -> SRIKAKULAM', 'Srikakulam', 16, 1000),
('RAJAHMUNDRY -> KURNOOL', 'Rajahmundry', 1, 0),
('RAJAHMUNDRY -> KURNOOL', 'Ravulapalem', 2, 25),
('RAJAHMUNDRY -> KURNOOL', 'Bhimavaram', 3, 120),
('RAJAHMUNDRY -> KURNOOL', 'Eluru', 4, 195),
('RAJAHMUNDRY -> KURNOOL', 'Vijayawada', 5, 250),
('RAJAHMUNDRY -> KURNOOL', 'Guntur', 6, 285),
('RAJAHMUNDRY -> KURNOOL', 'Ongole', 7, 395),
('RAJAHMUNDRY -> KURNOOL', 'Nellore', 8, 530),
('RAJAHMUNDRY -> KURNOOL', 'Tirupati', 9, 660),
('RAJAHMUNDRY -> KURNOOL', 'Kadapa', 10, 795),
('RAJAHMUNDRY -> KURNOOL', 'Kurnool', 11, 1010),
('KURNOOL -> RAJAHMUNDRY', 'Kurnool', 1, 0),
('KURNOOL -> RAJAHMUNDRY', 'Kadapa', 2, 215),
('KURNOOL -> RAJAHMUNDRY', 'Tirupati', 3, 350),
('KURNOOL -> RAJAHMUNDRY', 'Nellore', 4, 480),
('KURNOOL -> RAJAHMUNDRY', 'Ongole', 5, 615),
('KURNOOL -> RAJAHMUNDRY', 'Guntur', 6, 725),
('KURNOOL -> RAJAHMUNDRY', 'Vijayawada', 7, 760),
('KURNOOL -> RAJAHMUNDRY', 'Eluru', 8, 815),
('KURNOOL -> RAJAHMUNDRY', 'Bhimavaram', 9, 890),
('KURNOOL -> RAJAHMUNDRY', 'Ravulapalem', 10, 985),
('KURNOOL -> RAJAHMUNDRY', 'Rajahmundry', 11, 1010),
('VISAKHAPATNAM -> KADAPA', 'Visakhapatnam', 1, 0),
('VISAKHAPATNAM -> KADAPA', 'Anakapalle', 2, 30),
('VISAKHAPATNAM -> KADAPA', 'Tuni', 3, 95),
('VISAKHAPATNAM -> KADAPA', 'Samalkot', 4, 155),
('VISAKHAPATNAM -> KADAPA', 'Kakinada', 5, 170),
('VISAKHAPATNAM -> KADAPA', 'Rajahmundry', 6, 215),
('VISAKHAPATNAM -> KADAPA', 'Ravulapalem', 7, 240),
('VISAKHAPATNAM -> KADAPA', 'Bhimavaram', 8, 335),
('VISAKHAPATNAM -> KADAPA', 'Eluru', 9, 410),
('VISAKHAPATNAM -> KADAPA', 'Vijayawada', 10, 465),
('VISAKHAPATNAM -> KADAPA', 'Guntur', 11, 500),
('VISAKHAPATNAM -> KADAPA', 'Ongole', 12, 610),
('VISAKHAPATNAM -> KADAPA', 'Nellore', 13, 745),
('VISAKHAPATNAM -> KADAPA', 'Tirupati', 14, 875),
('VISAKHAPATNAM -> KADAPA', 'Kadapa', 15, 1010),
('KADAPA -> VISAKHAPATNAM', 'Kadapa', 1, 0),
('KADAPA -> VISAKHAPATNAM', 'Tirupati', 2, 135),
('KADAPA -> VISAKHAPATNAM', 'Nellore', 3, 265),
('KADAPA -> VISAKHAPATNAM', 'Ongole', 4, 400),
('KADAPA -> VISAKHAPATNAM', 'Guntur', 5, 510),
('KADAPA -> VISAKHAPATNAM', 'Vijayawada', 6, 545),
('KADAPA -> VISAKHAPATNAM', 'Eluru', 7, 600),
('KADAPA -> VISAKHAPATNAM', 'Bhimavaram', 8, 675),
('KADAPA -> VISAKHAPATNAM', 'Ravulapalem', 9, 770),
('KADAPA -> VISAKHAPATNAM', 'Rajahmundry', 10, 795),
('KADAPA -> VISAKHAPATNAM', 'Kakinada', 11, 840),
('KADAPA -> VISAKHAPATNAM', 'Samalkot', 12, 855),
('KADAPA -> VISAKHAPATNAM', 'Tuni', 13, 915),
('KADAPA -> VISAKHAPATNAM', 'Anakapalle', 14, 980),
('KADAPA -> VISAKHAPATNAM', 'Visakhapatnam', 15, 1010),
('BHIMAVARAM -> ANANTAPUR', 'Bhimavaram', 1, 0),
('BHIMAVARAM -> ANANTAPUR', 'Eluru', 2, 75),
('BHIMAVARAM -> ANANTAPUR', 'Vijayawada', 3, 130),
('BHIMAVARAM -> ANANTAPUR', 'Guntur', 4, 165),
('BHIMAVARAM -> ANANTAPUR', 'Ongole', 5, 275),
('BHIMAVARAM -> ANANTAPUR', 'Nellore', 6, 410),
('BHIMAVARAM -> ANANTAPUR', 'Tirupati', 7, 540),
('BHIMAVARAM -> ANANTAPUR', 'Kadapa', 8, 675),
('BHIMAVARAM -> ANANTAPUR', 'Kurnool', 9, 890),
('BHIMAVARAM -> ANANTAPUR', 'Anantapur', 10, 1045),
('ANANTAPUR -> BHIMAVARAM', 'Anantapur', 1, 0),
('ANANTAPUR -> BHIMAVARAM', 'Kurnool', 2, 155),
('ANANTAPUR -> BHIMAVARAM', 'Kadapa', 3, 370),
('ANANTAPUR -> BHIMAVARAM', 'Tirupati', 4, 505),
('ANANTAPUR -> BHIMAVARAM', 'Nellore', 5, 635),
('ANANTAPUR -> BHIMAVARAM', 'Ongole', 6, 770),
('ANANTAPUR -> BHIMAVARAM', 'Guntur', 7, 880),
('ANANTAPUR -> BHIMAVARAM', 'Vijayawada', 8, 915),
('ANANTAPUR -> BHIMAVARAM', 'Eluru', 9, 970),
('ANANTAPUR -> BHIMAVARAM', 'Bhimavaram', 10, 1045),
('KAKINADA -> KURNOOL', 'Kakinada', 1, 0),
('KAKINADA -> KURNOOL', 'Rajahmundry', 2, 45),
('KAKINADA -> KURNOOL', 'Ravulapalem', 3, 70),
('KAKINADA -> KURNOOL', 'Bhimavaram', 4, 165),
('KAKINADA -> KURNOOL', 'Eluru', 5, 240),
('KAKINADA -> KURNOOL', 'Vijayawada', 6, 295),
('KAKINADA -> KURNOOL', 'Guntur', 7, 330),
('KAKINADA -> KURNOOL', 'Ongole', 8, 440),
('KAKINADA -> KURNOOL', 'Nellore', 9, 575),
('KAKINADA -> KURNOOL', 'Tirupati', 10, 705),
('KAKINADA -> KURNOOL', 'Kadapa', 11, 840),
('KAKINADA -> KURNOOL', 'Kurnool', 12, 1055),
('KURNOOL -> KAKINADA', 'Kurnool', 1, 0),
('KURNOOL -> KAKINADA', 'Kadapa', 2, 215),
('KURNOOL -> KAKINADA', 'Tirupati', 3, 350),
('KURNOOL -> KAKINADA', 'Nellore', 4, 480),
('KURNOOL -> KAKINADA', 'Ongole', 5, 615),
('KURNOOL -> KAKINADA', 'Guntur', 6, 725),
('KURNOOL -> KAKINADA', 'Vijayawada', 7, 760),
('KURNOOL -> KAKINADA', 'Eluru', 8, 815),
('KURNOOL -> KAKINADA', 'Bhimavaram', 9, 890),
('KURNOOL -> KAKINADA', 'Ravulapalem', 10, 985),
('KURNOOL -> KAKINADA', 'Rajahmundry', 11, 1010),
('KURNOOL -> KAKINADA', 'Kakinada', 12, 1055),
('SAMALKOT -> KURNOOL', 'Samalkot', 1, 0),
('SAMALKOT -> KURNOOL', 'Kakinada', 2, 15),
('SAMALKOT -> KURNOOL', 'Rajahmundry', 3, 60),
('SAMALKOT -> KURNOOL', 'Ravulapalem', 4, 85),
('SAMALKOT -> KURNOOL', 'Bhimavaram', 5, 180),
('SAMALKOT -> KURNOOL', 'Eluru', 6, 255),
('SAMALKOT -> KURNOOL', 'Vijayawada', 7, 310),
('SAMALKOT -> KURNOOL', 'Guntur', 8, 345),
('SAMALKOT -> KURNOOL', 'Ongole', 9, 455),
('SAMALKOT -> KURNOOL', 'Nellore', 10, 590),
('SAMALKOT -> KURNOOL', 'Tirupati', 11, 720),
('SAMALKOT -> KURNOOL', 'Kadapa', 12, 855),
('SAMALKOT -> KURNOOL', 'Kurnool', 13, 1070),
('KURNOOL -> SAMALKOT', 'Kurnool', 1, 0),
('KURNOOL -> SAMALKOT', 'Kadapa', 2, 215),
('KURNOOL -> SAMALKOT', 'Tirupati', 3, 350),
('KURNOOL -> SAMALKOT', 'Nellore', 4, 480),
('KURNOOL -> SAMALKOT', 'Ongole', 5, 615),
('KURNOOL -> SAMALKOT', 'Guntur', 6, 725),
('KURNOOL -> SAMALKOT', 'Vijayawada', 7, 760),
('KURNOOL -> SAMALKOT', 'Eluru', 8, 815),
('KURNOOL -> SAMALKOT', 'Bhimavaram', 9, 890),
('KURNOOL -> SAMALKOT', 'Ravulapalem', 10, 985),
('KURNOOL -> SAMALKOT', 'Rajahmundry', 11, 1010),
('KURNOOL -> SAMALKOT', 'Kakinada', 12, 1055),
('KURNOOL -> SAMALKOT', 'Samalkot', 13, 1070);

PREPARE route_stop_insert_stmt FROM @route_stop_insert_sql;
EXECUTE route_stop_insert_stmt;
DEALLOCATE PREPARE route_stop_insert_stmt;

INSERT IGNORE INTO seed_schedule_templates (route_name, operator_name, bus_type_value, departure_time_value, arrival_time_value) VALUES
('SAMALKOT -> KAKINADA', 'AP Local Rider 01', 'NON-AC Seater', '06:30:00', '06:30:00'),
('KAKINADA -> SAMALKOT', 'AP Local Rider 08', 'NON-AC Seater', '14:30:00', '14:30:00'),
('RAJAHMUNDRY -> RAVULAPALEM', 'AP Local Rider 02', 'NON-AC Seater', '06:47:00', '07:01:00'),
('RAVULAPALEM -> RAJAHMUNDRY', 'AP Local Rider 09', 'NON-AC Seater', '14:49:00', '15:03:00'),
('VISAKHAPATNAM -> ANAKAPALLE', 'AP Local Rider 03', 'NON-AC Seater', '06:04:00', '07:24:00'),
('ANAKAPALLE -> VISAKHAPATNAM', 'AP Local Rider 10', 'NON-AC Seater', '14:08:00', '15:28:00'),
('VIJAYAWADA -> GUNTUR', 'AP Local Rider 04', 'NON-AC Seater', '06:21:00', '08:48:00'),
('GUNTUR -> VIJAYAWADA', 'AP Local Rider 11', 'NON-AC Seater', '14:27:00', '16:54:00'),
('KAKINADA -> RAJAHMUNDRY', 'AP Local Rider 05', 'NON-AC Seater', '07:38:00', '08:18:00'),
('RAJAHMUNDRY -> KAKINADA', 'AP Local Rider 12', 'NON-AC Seater', '15:46:00', '16:26:00'),
('ELURU -> VIJAYAWADA', 'AP Local Rider 06', 'NON-AC Seater', '07:55:00', '09:49:00'),
('VIJAYAWADA -> ELURU', 'AP Local Rider 13', 'NON-AC Seater', '15:05:00', '17:59:00'),
('SAMALKOT -> RAJAHMUNDRY', 'AP Local Rider 07', 'NON-AC Seater', '07:12:00', '09:12:00'),
('RAJAHMUNDRY -> SAMALKOT', 'AP Local Rider 14', 'NON-AC Seater', '15:24:00', '17:24:00'),
('TUNI -> SAMALKOT', 'AP Local Rider 08', 'NON-AC Seater', '07:29:00', '09:29:00'),
('SAMALKOT -> TUNI', 'AP Local Rider 15', 'NON-AC Seater', '16:43:00', '18:43:00'),
('VIZIANAGARAM -> VISAKHAPATNAM', 'AP Local Rider 09', 'NON-AC Seater', '08:46:00', '10:46:00'),
('VISAKHAPATNAM -> VIZIANAGARAM', 'AP Local Rider 16', 'NON-AC Seater', '16:02:00', '18:02:00'),
('ANAKAPALLE -> TUNI', 'AP Local Rider 10', 'NON-AC Seater', '08:03:00', '10:10:00'),
('TUNI -> ANAKAPALLE', 'AP Local Rider 17', 'NON-AC Seater', '16:21:00', '18:28:00'),
('SRIKAKULAM -> VIZIANAGARAM', 'AP Local Rider 11', 'NON-AC Seater', '08:20:00', '10:27:00'),
('VIZIANAGARAM -> SRIKAKULAM', 'AP Local Rider 18', 'NON-AC Seater', '17:40:00', '19:47:00'),
('KAKINADA -> RAVULAPALEM', 'AP Local Rider 12', 'NON-AC Seater', '09:37:00', '11:51:00'),
('RAVULAPALEM -> KAKINADA', 'AP Local Rider 19', 'NON-AC Seater', '17:59:00', '19:13:00'),
('BHIMAVARAM -> ELURU', 'AP Local Rider 13', 'NON-AC Seater', '09:54:00', '11:14:00'),
('ELURU -> BHIMAVARAM', 'AP Local Rider 20', 'NON-AC Seater', '17:18:00', '20:38:00'),
('TUNI -> KAKINADA', 'AP Local Rider 14', 'NON-AC Seater', '09:11:00', '12:31:00'),
('KAKINADA -> TUNI', 'AP Local Rider 01', 'NON-AC Seater', '14:37:00', '16:57:00'),
('SAMALKOT -> RAVULAPALEM', 'AP Local Rider 15', 'NON-AC Seater', '09:28:00', '12:02:00'),
('RAVULAPALEM -> SAMALKOT', 'AP Local Rider 02', 'NON-AC Seater', '14:56:00', '16:30:00'),
('ELURU -> GUNTUR', 'AP Local Rider 16', 'NON-AC Seater', '06:45:00', '08:25:00'),
('GUNTUR -> ELURU', 'AP Local Rider 03', 'NON-AC Seater', '14:15:00', '17:55:00'),
('VIZIANAGARAM -> ANAKAPALLE', 'AP Local Rider 17', 'NON-AC Seater', '06:02:00', '09:42:00'),
('ANAKAPALLE -> VIZIANAGARAM', 'AP Local Rider 04', 'NON-AC Seater', '15:34:00', '17:14:00'),
('VISAKHAPATNAM -> TUNI', 'AP Local Rider 18', 'NON-AC Seater', '06:19:00', '09:06:00'),
('TUNI -> VISAKHAPATNAM', 'AP Local Rider 05', 'NON-AC Seater', '15:53:00', '18:40:00'),
('GUNTUR -> ONGOLE', 'AP Local Rider 19', 'NON-AC Seater', '07:36:00', '10:43:00'),
('ONGOLE -> GUNTUR', 'AP Local Rider 06', 'NON-AC Seater', '15:12:00', '18:19:00'),
('RAJAHMUNDRY -> BHIMAVARAM', 'AP Local Rider 20', 'NON-AC Seater', '07:53:00', '10:13:00'),
('BHIMAVARAM -> RAJAHMUNDRY', 'AP Local Rider 07', 'NON-AC Seater', '16:31:00', '19:51:00'),
('TUNI -> RAJAHMUNDRY', 'AP Local Rider 01', 'NON-AC Seater', '07:10:00', '10:30:00'),
('RAJAHMUNDRY -> TUNI', 'AP Local Rider 08', 'NON-AC Seater', '16:50:00', '19:10:00'),
('ANAKAPALLE -> SAMALKOT', 'AP Local Rider 02', 'NON-AC Seater', '07:27:00', '11:54:00'),
('SAMALKOT -> ANAKAPALLE', 'AP Local Rider 09', 'NON-AC Seater', '16:09:00', '20:36:00'),
('SRIKAKULAM -> VISAKHAPATNAM', 'AP Local Rider 03', 'NON-AC Seater', '08:44:00', '11:11:00'),
('VISAKHAPATNAM -> SRIKAKULAM', 'AP Local Rider 10', 'NON-AC Seater', '16:28:00', '20:55:00'),
('BHIMAVARAM -> VIJAYAWADA', 'AP Local Rider 04', 'NON-AC Seater', '08:01:00', '12:35:00'),
('VIJAYAWADA -> BHIMAVARAM', 'AP Local Rider 11', 'NON-AC Seater', '17:47:00', '20:21:00'),
('NELLORE -> TIRUPATI', 'AP Local Rider 05', 'NON-AC Seater', '08:18:00', '12:52:00'),
('TIRUPATI -> NELLORE', 'AP Local Rider 12', 'NON-AC Seater', '17:06:00', '21:40:00'),
('ONGOLE -> NELLORE', 'AP Local Rider 06', 'NON-AC Seater', '09:35:00', '12:15:00'),
('NELLORE -> ONGOLE', 'AP Local Rider 13', 'NON-AC Seater', '17:25:00', '21:05:00'),
('TIRUPATI -> KADAPA', 'AP Local Rider 07', 'NON-AC Seater', '09:52:00', '13:32:00'),
('KADAPA -> TIRUPATI', 'AP Local Rider 14', 'NON-AC Seater', '14:44:00', '17:24:00'),
('ANAKAPALLE -> KAKINADA', 'AP Local Rider 08', 'NON-AC Seater', '09:09:00', '13:56:00'),
('KAKINADA -> ANAKAPALLE', 'AP Local Rider 15', 'NON-AC Seater', '14:03:00', '18:50:00'),
('TUNI -> RAVULAPALEM', 'AP Comfort Line 09', 'AC Seater', '07:04:00', '11:38:00'),
('RAVULAPALEM -> TUNI', 'AP Comfort Line 16', 'AC Seater', '14:08:00', '18:42:00'),
('VIJAYAWADA -> ONGOLE', 'AP Comfort Line 10', 'AC Seater', '07:17:00', '11:51:00'),
('ONGOLE -> VIJAYAWADA', 'AP Comfort Line 17', 'AC Seater', '14:19:00', '18:53:00'),
('KURNOOL -> ANANTAPUR', 'AP Comfort Line 11', 'AC Seater', '08:30:00', '11:16:00'),
('ANANTAPUR -> KURNOOL', 'AP Comfort Line 18', 'AC Seater', '14:30:00', '18:16:00'),
('SRIKAKULAM -> ANAKAPALLE', 'AP Comfort Line 12', 'AC Seater', '08:43:00', '11:29:00'),
('ANAKAPALLE -> SRIKAKULAM', 'AP Comfort Line 19', 'AC Seater', '15:41:00', '18:27:00'),
('VISAKHAPATNAM -> SAMALKOT', 'AP Comfort Line 13', 'AC Seater', '08:56:00', '12:42:00'),
('SAMALKOT -> VISAKHAPATNAM', 'AP Comfort Line 20', 'AC Seater', '15:52:00', '19:38:00'),
('VIZIANAGARAM -> TUNI', 'AP Comfort Line 14', 'AC Seater', '08:09:00', '12:55:00'),
('TUNI -> VIZIANAGARAM', 'AP Comfort Line 01', 'AC Seater', '15:03:00', '19:49:00'),
('BHIMAVARAM -> GUNTUR', 'AP Comfort Line 15', 'AC Seater', '08:22:00', '12:20:00'),
('GUNTUR -> BHIMAVARAM', 'AP Comfort Line 02', 'AC Seater', '15:14:00', '19:12:00'),
('KAKINADA -> BHIMAVARAM', 'AP Comfort Line 16', 'AC Seater', '09:35:00', '13:33:00'),
('BHIMAVARAM -> KAKINADA', 'AP Comfort Line 03', 'AC Seater', '15:25:00', '19:23:00'),
('RAVULAPALEM -> ELURU', 'AP Comfort Line 17', 'AC Seater', '09:48:00', '13:52:00'),
('ELURU -> RAVULAPALEM', 'AP Comfort Line 04', 'AC Seater', '16:36:00', '20:40:00'),
('VISAKHAPATNAM -> KAKINADA', 'AP Comfort Line 18', 'AC Seater', '09:01:00', '13:05:00'),
('KAKINADA -> VISAKHAPATNAM', 'AP Comfort Line 05', 'AC Seater', '16:47:00', '20:51:00'),
('SAMALKOT -> BHIMAVARAM', 'AP Comfort Line 19', 'AC Seater', '09:14:00', '14:30:00'),
('BHIMAVARAM -> SAMALKOT', 'AP Comfort Line 06', 'AC Seater', '16:58:00', '20:14:00'),
('ANAKAPALLE -> RAJAHMUNDRY', 'AP Comfort Line 20', 'AC Seater', '09:27:00', '14:49:00'),
('RAJAHMUNDRY -> ANAKAPALLE', 'AP Comfort Line 07', 'AC Seater', '16:09:00', '21:31:00'),
('RAJAHMUNDRY -> ELURU', 'AP Comfort Line 01', 'AC Seater', '10:40:00', '14:14:00'),
('ELURU -> RAJAHMUNDRY', 'AP Comfort Line 08', 'AC Seater', '16:20:00', '21:54:00'),
('ELURU -> ONGOLE', 'AP Comfort Line 02', 'AC Seater', '10:53:00', '15:33:00'),
('ONGOLE -> ELURU', 'AP Comfort Line 09', 'AC Seater', '17:31:00', '21:11:00'),
('ANAKAPALLE -> RAVULAPALEM', 'AP Comfort Line 03', 'AC Seater', '10:06:00', '15:58:00'),
('RAVULAPALEM -> ANAKAPALLE', 'AP Comfort Line 10', 'AC Seater', '17:42:00', '22:34:00'),
('KADAPA -> KURNOOL', 'AP Comfort Line 04', 'AC Seater', '10:19:00', '15:17:00'),
('KURNOOL -> KADAPA', 'AP Comfort Line 11', 'AC Seater', '17:53:00', '22:51:00'),
('VISAKHAPATNAM -> RAJAHMUNDRY', 'AP Comfort Line 05', 'AC Seater', '11:32:00', '16:30:00'),
('RAJAHMUNDRY -> VISAKHAPATNAM', 'AP Comfort Line 12', 'AC Seater', '17:04:00', '22:02:00'),
('VIZIANAGARAM -> SAMALKOT', 'AP Comfort Line 06', 'AC Seater', '11:45:00', '16:43:00'),
('SAMALKOT -> VIZIANAGARAM', 'AP Comfort Line 13', 'AC Seater', '17:15:00', '22:13:00'),
('SRIKAKULAM -> TUNI', 'AP Comfort Line 07', 'AC Seater', '11:58:00', '16:02:00'),
('TUNI -> SRIKAKULAM', 'AP Comfort Line 14', 'AC Seater', '17:26:00', '22:30:00'),
('RAVULAPALEM -> VIJAYAWADA', 'AP Comfort Line 08', 'AC Seater', '06:11:00', '11:21:00'),
('VIJAYAWADA -> RAVULAPALEM', 'AP Comfort Line 15', 'AC Seater', '18:37:00', '23:47:00'),
('VIZIANAGARAM -> KAKINADA', 'AP Comfort Line 09', 'AC Seater', '06:24:00', '12:40:00'),
('KAKINADA -> VIZIANAGARAM', 'AP Comfort Line 16', 'AC Seater', '18:48:00', '23:04:00'),
('KAKINADA -> ELURU', 'AP Comfort Line 10', 'AC Seater', '07:37:00', '12:05:00'),
('ELURU -> KAKINADA', 'AP Comfort Line 17', 'AC Seater', '18:59:00', '23:27:00'),
('TUNI -> BHIMAVARAM', 'AP Comfort Line 11', 'AC Seater', '07:50:00', '12:18:00'),
('BHIMAVARAM -> TUNI', 'AP Comfort Line 18', 'AC Seater', '18:10:00', '24:38:00'),
('VISAKHAPATNAM -> RAVULAPALEM', 'AP Comfort Line 12', 'AC Seater', '07:03:00', '13:31:00'),
('RAVULAPALEM -> VISAKHAPATNAM', 'AP Comfort Line 19', 'AC Seater', '18:21:00', '24:49:00'),
('GUNTUR -> NELLORE', 'AP Comfort Line 13', 'AC Seater', '07:16:00', '13:50:00'),
('NELLORE -> GUNTUR', 'AP Comfort Line 20', 'AC Seater', '19:32:00', '00:06:00'),
('SAMALKOT -> ELURU', 'AP Comfort Line 14', 'AC Seater', '07:29:00', '13:15:00'),
('ELURU -> SAMALKOT', 'AP Comfort Line 01', 'AC Seater', '19:43:00', '00:29:00'),
('RAVULAPALEM -> GUNTUR', 'AP Comfort Line 15', 'AC Seater', '08:42:00', '14:34:00'),
('GUNTUR -> RAVULAPALEM', 'AP Comfort Line 02', 'AC Seater', '19:54:00', '01:46:00'),
('NELLORE -> KADAPA', 'AP Comfort Line 16', 'AC Seater', '08:55:00', '14:53:00'),
('KADAPA -> NELLORE', 'AP Comfort Line 03', 'AC Seater', '14:05:00', '20:03:00'),
('ONGOLE -> TIRUPATI', 'AP Comfort Line 17', 'AC Seater', '08:08:00', '14:06:00'),
('TIRUPATI -> ONGOLE', 'AP Comfort Line 04', 'AC Seater', '14:16:00', '20:14:00'),
('BHIMAVARAM -> ONGOLE', 'AP Comfort Line 18', 'AC Seater', '08:21:00', '15:31:00'),
('ONGOLE -> BHIMAVARAM', 'AP Comfort Line 05', 'AC Seater', '14:27:00', '21:37:00'),
('VIZIANAGARAM -> RAJAHMUNDRY', 'AP Comfort Line 19', 'AC Seater', '09:34:00', '15:44:00'),
('RAJAHMUNDRY -> VIZIANAGARAM', 'AP Comfort Line 06', 'AC Seater', '15:38:00', '21:48:00'),
('SRIKAKULAM -> SAMALKOT', 'AP Comfort Line 20', 'AC Seater', '09:47:00', '15:03:00'),
('SAMALKOT -> SRIKAKULAM', 'AP Comfort Line 07', 'AC Seater', '15:49:00', '21:05:00'),
('VIJAYAWADA -> NELLORE', 'AP Comfort Line 01', 'AC Seater', '09:00:00', '15:16:00'),
('NELLORE -> VIJAYAWADA', 'AP Comfort Line 08', 'AC Seater', '15:00:00', '21:16:00'),
('RAJAHMUNDRY -> GUNTUR', 'AP Comfort Line 02', 'AC Seater', '09:13:00', '16:35:00'),
('GUNTUR -> RAJAHMUNDRY', 'AP Comfort Line 09', 'AC Seater', '15:11:00', '22:33:00'),
('KAKINADA -> VIJAYAWADA', 'AP Comfort Line 03', 'AC Seater', '09:26:00', '16:00:00'),
('VIJAYAWADA -> KAKINADA', 'AP Comfort Line 10', 'AC Seater', '15:22:00', '22:56:00'),
('SRIKAKULAM -> KAKINADA', 'AP Comfort Line 04', 'AC Seater', '10:39:00', '16:13:00'),
('KAKINADA -> SRIKAKULAM', 'AP Comfort Line 11', 'AC Seater', '16:33:00', '22:07:00'),
('VIZIANAGARAM -> RAVULAPALEM', 'AP Comfort Line 05', 'AC Seater', '10:52:00', '17:32:00'),
('RAVULAPALEM -> VIZIANAGARAM', 'AP Comfort Line 12', 'AC Seater', '16:44:00', '22:24:00'),
('ANAKAPALLE -> BHIMAVARAM', 'AP Comfort Line 06', 'AC Seater', '10:05:00', '17:51:00'),
('BHIMAVARAM -> ANAKAPALLE', 'AP Comfort Line 13', 'AC Seater', '16:55:00', '23:41:00'),
('SAMALKOT -> VIJAYAWADA', 'AP Comfort Line 07', 'AC Seater', '10:18:00', '17:10:00'),
('VIJAYAWADA -> SAMALKOT', 'AP Comfort Line 14', 'AC Seater', '16:06:00', '23:58:00'),
('TUNI -> ELURU', 'AP Comfort Line 08', 'AC Seater', '11:31:00', '17:29:00'),
('ELURU -> TUNI', 'AP Comfort Line 15', 'AC Seater', '16:17:00', '23:15:00'),
('KAKINADA -> GUNTUR', 'AP Comfort Line 09', 'AC Seater', '11:44:00', '18:00:00'),
('GUNTUR -> KAKINADA', 'AP Comfort Line 16', 'AC Seater', '16:28:00', '24:44:00'),
('ELURU -> NELLORE', 'AP Night Link 10', 'AC Sleeper', '21:51:00', '04:30:00'),
('NELLORE -> ELURU', 'AP Night Link 17', 'AC Sleeper', '18:03:00', '02:42:00'),
('VISAKHAPATNAM -> BHIMAVARAM', 'AP Night Link 11', 'AC Sleeper', '21:00:00', '05:39:00'),
('BHIMAVARAM -> VISAKHAPATNAM', 'AP Night Link 18', 'AC Sleeper', '18:10:00', '02:49:00'),
('SRIKAKULAM -> RAJAHMUNDRY', 'AP Night Link 12', 'AC Sleeper', '21:09:00', '05:54:00'),
('RAJAHMUNDRY -> SRIKAKULAM', 'AP Night Link 19', 'AC Sleeper', '18:17:00', '02:02:00'),
('SAMALKOT -> GUNTUR', 'AP Night Link 13', 'AC Sleeper', '21:18:00', '05:10:00'),
('GUNTUR -> SAMALKOT', 'AP Night Link 20', 'AC Sleeper', '18:24:00', '02:16:00'),
('TIRUPATI -> KURNOOL', 'AP Night Link 14', 'AC Sleeper', '21:27:00', '05:25:00'),
('KURNOOL -> TIRUPATI', 'AP Night Link 01', 'AC Sleeper', '19:31:00', '02:29:00'),
('SRIKAKULAM -> RAVULAPALEM', 'AP Night Link 15', 'AC Sleeper', '22:36:00', '06:53:00'),
('RAVULAPALEM -> SRIKAKULAM', 'AP Night Link 02', 'AC Sleeper', '19:38:00', '03:55:00'),
('KADAPA -> ANANTAPUR', 'AP Night Link 16', 'AC Sleeper', '22:45:00', '06:08:00'),
('ANANTAPUR -> KADAPA', 'AP Night Link 03', 'AC Sleeper', '19:45:00', '03:08:00'),
('RAVULAPALEM -> ONGOLE', 'AP Night Link 17', 'AC Sleeper', '22:54:00', '06:17:00'),
('ONGOLE -> RAVULAPALEM', 'AP Night Link 04', 'AC Sleeper', '19:52:00', '03:15:00'),
('TUNI -> VIJAYAWADA', 'AP Night Link 18', 'AC Sleeper', '22:03:00', '06:26:00'),
('VIJAYAWADA -> TUNI', 'AP Night Link 05', 'AC Sleeper', '19:59:00', '03:22:00'),
('ANAKAPALLE -> ELURU', 'AP Night Link 19', 'AC Sleeper', '22:12:00', '07:47:00'),
('ELURU -> ANAKAPALLE', 'AP Night Link 06', 'AC Sleeper', '19:06:00', '04:41:00'),
('RAJAHMUNDRY -> ONGOLE', 'AP Night Link 20', 'AC Sleeper', '22:21:00', '07:15:00'),
('ONGOLE -> RAJAHMUNDRY', 'AP Night Link 07', 'AC Sleeper', '19:13:00', '04:07:00'),
('VIZIANAGARAM -> BHIMAVARAM', 'AP Night Link 01', 'AC Sleeper', '18:30:00', '03:24:00'),
('BHIMAVARAM -> VIZIANAGARAM', 'AP Night Link 08', 'AC Sleeper', '19:20:00', '04:14:00'),
('ONGOLE -> KADAPA', 'AP Night Link 02', 'AC Sleeper', '19:39:00', '04:39:00'),
('KADAPA -> ONGOLE', 'AP Night Link 09', 'AC Sleeper', '19:27:00', '04:27:00'),
('TUNI -> GUNTUR', 'AP Night Link 03', 'AC Sleeper', '19:48:00', '04:55:00'),
('GUNTUR -> TUNI', 'AP Night Link 10', 'AC Sleeper', '20:34:00', '05:41:00'),
('BHIMAVARAM -> NELLORE', 'AP Night Link 04', 'AC Sleeper', '19:57:00', '04:10:00'),
('NELLORE -> BHIMAVARAM', 'AP Night Link 11', 'AC Sleeper', '20:41:00', '05:54:00'),
('VIJAYAWADA -> TIRUPATI', 'AP Night Link 05', 'AC Sleeper', '19:06:00', '04:19:00'),
('TIRUPATI -> VIJAYAWADA', 'AP Night Link 12', 'AC Sleeper', '20:48:00', '05:01:00'),
('VISAKHAPATNAM -> ELURU', 'AP Night Link 06', 'AC Sleeper', '19:15:00', '04:28:00'),
('ELURU -> VISAKHAPATNAM', 'AP Night Link 13', 'AC Sleeper', '20:55:00', '05:08:00'),
('ANAKAPALLE -> VIJAYAWADA', 'AP Night Link 07', 'AC Sleeper', '19:24:00', '05:08:00'),
('VIJAYAWADA -> ANAKAPALLE', 'AP Night Link 14', 'AC Sleeper', '20:02:00', '06:46:00'),
('KAKINADA -> ONGOLE', 'AP Night Link 08', 'AC Sleeper', '20:33:00', '05:23:00'),
('ONGOLE -> KAKINADA', 'AP Night Link 15', 'AC Sleeper', '20:09:00', '06:59:00'),
('SAMALKOT -> ONGOLE', 'AP Night Link 09', 'AC Sleeper', '20:42:00', '06:51:00'),
('ONGOLE -> SAMALKOT', 'AP Night Link 16', 'AC Sleeper', '20:16:00', '06:25:00'),
('SRIKAKULAM -> BHIMAVARAM', 'AP Night Link 10', 'AC Sleeper', '20:51:00', '06:06:00'),
('BHIMAVARAM -> SRIKAKULAM', 'AP Night Link 17', 'AC Sleeper', '20:23:00', '07:38:00'),
('ELURU -> TIRUPATI', 'AP Night Link 11', 'AC Sleeper', '20:00:00', '06:22:00'),
('TIRUPATI -> ELURU', 'AP Night Link 18', 'AC Sleeper', '20:30:00', '07:52:00'),
('ANAKAPALLE -> GUNTUR', 'AP Night Link 12', 'AC Sleeper', '20:09:00', '07:37:00'),
('GUNTUR -> ANAKAPALLE', 'AP Night Link 19', 'AC Sleeper', '21:37:00', '07:05:00'),
('VIZIANAGARAM -> ELURU', 'AP Night Link 13', 'AC Sleeper', '20:18:00', '07:46:00'),
('ELURU -> VIZIANAGARAM', 'AP Night Link 20', 'AC Sleeper', '21:44:00', '07:12:00'),
('NELLORE -> KURNOOL', 'AP Night Link 14', 'AC Sleeper', '20:27:00', '07:07:00'),
('KURNOOL -> NELLORE', 'AP Night Link 01', 'AC Sleeper', '21:51:00', '08:31:00'),
('VISAKHAPATNAM -> GUNTUR', 'AP Night Link 15', 'AC Sleeper', '21:36:00', '08:41:00'),
('GUNTUR -> VISAKHAPATNAM', 'AP Night Link 02', 'AC Sleeper', '21:58:00', '08:03:00'),
('RAVULAPALEM -> NELLORE', 'AP Night Link 16', 'AC Sleeper', '21:45:00', '08:57:00'),
('NELLORE -> RAVULAPALEM', 'AP Night Link 03', 'AC Sleeper', '21:05:00', '08:17:00'),
('TIRUPATI -> ANANTAPUR', 'AP Night Link 17', 'AC Sleeper', '21:54:00', '08:06:00'),
('ANANTAPUR -> TIRUPATI', 'AP Night Link 04', 'AC Sleeper', '21:12:00', '08:24:00'),
('GUNTUR -> KADAPA', 'AP Night Link 18', 'AC Sleeper', '21:03:00', '08:21:00'),
('KADAPA -> GUNTUR', 'AP Night Link 05', 'AC Sleeper', '21:19:00', '09:37:00'),
('TUNI -> ONGOLE', 'AP Night Link 19', 'AC Sleeper', '21:12:00', '09:36:00'),
('ONGOLE -> TUNI', 'AP Night Link 06', 'AC Sleeper', '21:26:00', '09:50:00'),
('VIZIANAGARAM -> VIJAYAWADA', 'AP Night Link 20', 'AC Sleeper', '21:21:00', '09:58:00'),
('VIJAYAWADA -> VIZIANAGARAM', 'AP Night Link 07', 'AC Sleeper', '22:33:00', '09:10:00'),
('RAJAHMUNDRY -> NELLORE', 'AP Night Link 01', 'AC Sleeper', '22:30:00', '09:13:00'),
('NELLORE -> RAJAHMUNDRY', 'AP Night Link 08', 'AC Sleeper', '22:40:00', '09:23:00'),
('SRIKAKULAM -> ELURU', 'AP Night Link 02', 'AC Sleeper', '22:39:00', '09:28:00'),
('ELURU -> SRIKAKULAM', 'AP Night Link 09', 'AC Sleeper', '22:47:00', '10:36:00'),
('BHIMAVARAM -> TIRUPATI', 'AP Night Link 03', 'AC Sleeper', '22:48:00', '10:43:00'),
('TIRUPATI -> BHIMAVARAM', 'AP Night Link 10', 'AC Sleeper', '22:54:00', '10:49:00'),
('VIJAYAWADA -> KADAPA', 'AP Night Link 04', 'AC Sleeper', '22:57:00', '10:59:00'),
('KADAPA -> VIJAYAWADA', 'AP Night Link 11', 'AC Sleeper', '18:01:00', '06:03:00'),
('VIZIANAGARAM -> GUNTUR', 'AP Night Link 05', 'AC Sleeper', '22:06:00', '10:26:00'),
('GUNTUR -> VIZIANAGARAM', 'AP Night Link 12', 'AC Sleeper', '18:08:00', '06:28:00'),
('KAKINADA -> NELLORE', 'AP Night Link 06', 'AC Sleeper', '22:15:00', '11:54:00'),
('NELLORE -> KAKINADA', 'AP Night Link 13', 'AC Sleeper', '18:15:00', '07:54:00'),
('ANAKAPALLE -> ONGOLE', 'AP Night Link 07', 'AC Sleeper', '22:24:00', '11:09:00'),
('ONGOLE -> ANAKAPALLE', 'AP Night Link 14', 'AC Sleeper', '18:22:00', '07:07:00'),
('SAMALKOT -> NELLORE', 'AP Night Link 08', 'AC Sleeper', '19:33:00', '08:31:00'),
('NELLORE -> SAMALKOT', 'AP Night Link 15', 'AC Sleeper', '18:29:00', '07:27:00'),
('SRIKAKULAM -> VIJAYAWADA', 'AP Night Link 09', 'AC Sleeper', '19:42:00', '08:40:00'),
('VIJAYAWADA -> SRIKAKULAM', 'AP Night Link 16', 'AC Sleeper', '19:36:00', '08:34:00'),
('ELURU -> KADAPA', 'AP Night Link 10', 'AC Sleeper', '19:51:00', '08:01:00'),
('KADAPA -> ELURU', 'AP Night Link 17', 'AC Sleeper', '19:43:00', '08:53:00'),
('VISAKHAPATNAM -> ONGOLE', 'AP Night Link 11', 'AC Sleeper', '19:00:00', '08:23:00'),
('ONGOLE -> VISAKHAPATNAM', 'AP Night Link 18', 'AC Sleeper', '19:50:00', '08:13:00'),
('ONGOLE -> KURNOOL', 'AP Night Link 12', 'AC Sleeper', '19:09:00', '09:38:00'),
('KURNOOL -> ONGOLE', 'AP Night Link 19', 'AC Sleeper', '19:57:00', '08:26:00'),
('SRIKAKULAM -> GUNTUR', 'AP Night Link 13', 'AC Sleeper', '19:18:00', '09:00:00'),
('GUNTUR -> SRIKAKULAM', 'AP Night Link 20', 'AC Sleeper', '19:04:00', '09:46:00'),
('NELLORE -> ANANTAPUR', 'AP Night Link 14', 'AC Sleeper', '19:27:00', '09:21:00'),
('ANANTAPUR -> NELLORE', 'AP Night Link 01', 'AC Sleeper', '19:11:00', '09:05:00'),
('RAVULAPALEM -> TIRUPATI', 'AP Night Link 15', 'AC Sleeper', '20:36:00', '10:30:00'),
('TIRUPATI -> RAVULAPALEM', 'AP Night Link 02', 'AC Sleeper', '19:18:00', '09:12:00'),
('TUNI -> NELLORE', 'AP Night Link 16', 'AC Sleeper', '20:45:00', '10:58:00'),
('NELLORE -> TUNI', 'AP Night Link 03', 'AC Sleeper', '19:25:00', '10:38:00'),
('RAJAHMUNDRY -> TIRUPATI', 'AP Night Link 17', 'AC Sleeper', '20:54:00', '10:19:00'),
('TIRUPATI -> RAJAHMUNDRY', 'AP Night Link 04', 'AC Sleeper', '20:32:00', '10:57:00'),
('VIZIANAGARAM -> ONGOLE', 'AP Night Link 18', 'AC Sleeper', '20:03:00', '11:41:00'),
('ONGOLE -> VIZIANAGARAM', 'AP Night Link 05', 'AC Sleeper', '20:39:00', '10:17:00'),
('BHIMAVARAM -> KADAPA', 'AP Night Link 19', 'AC Sleeper', '20:12:00', '11:56:00'),
('KADAPA -> BHIMAVARAM', 'AP Night Link 06', 'AC Sleeper', '20:46:00', '10:30:00'),
('KAKINADA -> TIRUPATI', 'AP Night Link 20', 'AC Sleeper', '20:21:00', '12:43:00'),
('TIRUPATI -> KAKINADA', 'AP Night Link 07', 'AC Sleeper', '20:53:00', '11:15:00'),
('ANAKAPALLE -> NELLORE', 'AP Night Link 01', 'AC Sleeper', '20:30:00', '12:04:00'),
('NELLORE -> ANAKAPALLE', 'AP Night Link 08', 'AC Sleeper', '20:00:00', '12:34:00'),
('GUNTUR -> KURNOOL', 'AP Night Link 02', 'AC Sleeper', '21:39:00', '12:26:00'),
('KURNOOL -> GUNTUR', 'AP Night Link 09', 'AC Sleeper', '20:07:00', '12:54:00'),
('SRIKAKULAM -> ONGOLE', 'AP Night Link 03', 'AC Sleeper', '21:48:00', '13:47:00'),
('ONGOLE -> SRIKAKULAM', 'AP Night Link 10', 'AC Sleeper', '20:14:00', '12:13:00'),
('VISAKHAPATNAM -> NELLORE', 'AP Night Link 04', 'AC Sleeper', '21:57:00', '13:09:00'),
('NELLORE -> VISAKHAPATNAM', 'AP Night Link 11', 'AC Sleeper', '20:21:00', '13:33:00'),
('VIJAYAWADA -> KURNOOL', 'AP Night Link 05', 'AC Sleeper', '21:06:00', '14:36:00'),
('KURNOOL -> VIJAYAWADA', 'AP Night Link 12', 'AC Sleeper', '20:28:00', '13:58:00'),
('ONGOLE -> ANANTAPUR', 'AP Night Link 06', 'AC Sleeper', '21:15:00', '14:58:00'),
('ANANTAPUR -> ONGOLE', 'AP Night Link 13', 'AC Sleeper', '21:35:00', '13:18:00'),
('RAVULAPALEM -> KADAPA', 'AP Night Link 07', 'AC Sleeper', '21:24:00', '14:07:00'),
('KADAPA -> RAVULAPALEM', 'AP Night Link 14', 'AC Sleeper', '21:42:00', '13:25:00'),
('TUNI -> TIRUPATI', 'AP Night Link 08', 'AC Sleeper', '22:33:00', '14:28:00'),
('TIRUPATI -> TUNI', 'AP Night Link 15', 'AC Sleeper', '21:49:00', '14:44:00'),
('RAJAHMUNDRY -> KADAPA', 'AP Night Link 09', 'AC Sleeper', '22:42:00', '15:56:00'),
('KADAPA -> RAJAHMUNDRY', 'AP Night Link 16', 'AC Sleeper', '21:56:00', '14:10:00'),
('VIZIANAGARAM -> NELLORE', 'AP Night Link 10', 'AC Sleeper', '22:51:00', '15:18:00'),
('NELLORE -> VIZIANAGARAM', 'AP Night Link 17', 'AC Sleeper', '21:03:00', '14:30:00'),
('ELURU -> KURNOOL', 'AP Night Link 11', 'AC Sleeper', '22:00:00', '16:39:00'),
('KURNOOL -> ELURU', 'AP Night Link 18', 'AC Sleeper', '21:10:00', '15:49:00'),
('KAKINADA -> KADAPA', 'AP Night Link 12', 'AC Sleeper', '22:09:00', '16:19:00'),
('KADAPA -> KAKINADA', 'AP Night Link 19', 'AC Sleeper', '21:17:00', '15:27:00'),
('ANAKAPALLE -> TIRUPATI', 'AP Night Link 13', 'AC Sleeper', '22:18:00', '17:35:00'),
('TIRUPATI -> ANAKAPALLE', 'AP Night Link 20', 'AC Sleeper', '21:24:00', '16:41:00'),
('SAMALKOT -> KADAPA', 'AP Night Link 14', 'AC Sleeper', '22:27:00', '17:56:00'),
('KADAPA -> SAMALKOT', 'AP Night Link 01', 'AC Sleeper', '22:31:00', '16:00:00'),
('SRIKAKULAM -> NELLORE', 'AP Night Link 15', 'AC Sleeper', '19:36:00', '13:24:00'),
('NELLORE -> SRIKAKULAM', 'AP Night Link 02', 'AC Sleeper', '22:38:00', '16:26:00'),
('VISAKHAPATNAM -> TIRUPATI', 'AP Night Link 16', 'AC Sleeper', '19:45:00', '14:39:00'),
('TIRUPATI -> VISAKHAPATNAM', 'AP Night Link 03', 'AC Sleeper', '22:45:00', '17:39:00'),
('GUNTUR -> ANANTAPUR', 'AP Night Link 17', 'AC Sleeper', '19:54:00', '14:54:00'),
('ANANTAPUR -> GUNTUR', 'AP Night Link 04', 'AC Sleeper', '22:52:00', '17:52:00'),
('BHIMAVARAM -> KURNOOL', 'AP Night Link 18', 'AC Sleeper', '19:03:00', '14:16:00'),
('KURNOOL -> BHIMAVARAM', 'AP Night Link 05', 'AC Sleeper', '22:59:00', '17:12:00'),
('TUNI -> KADAPA', 'AP Night Link 19', 'AC Sleeper', '19:12:00', '15:56:00'),
('KADAPA -> TUNI', 'AP Night Link 06', 'AC Sleeper', '18:06:00', '14:50:00'),
('VIJAYAWADA -> ANANTAPUR', 'AP Night Link 20', 'AC Sleeper', '19:21:00', '15:05:00'),
('ANANTAPUR -> VIJAYAWADA', 'AP Night Link 07', 'AC Sleeper', '18:13:00', '14:57:00'),
('VIZIANAGARAM -> TIRUPATI', 'AP Night Link 01', 'AC Sleeper', '20:30:00', '16:39:00'),
('TIRUPATI -> VIZIANAGARAM', 'AP Night Link 08', 'AC Sleeper', '18:20:00', '14:29:00'),
('ELURU -> ANANTAPUR', 'AP Night Link 02', 'AC Sleeper', '20:39:00', '17:32:00'),
('ANANTAPUR -> ELURU', 'AP Night Link 09', 'AC Sleeper', '18:27:00', '15:20:00'),
('ANAKAPALLE -> KADAPA', 'AP Night Link 03', 'AC Sleeper', '20:48:00', '17:53:00'),
('KADAPA -> ANAKAPALLE', 'AP Night Link 10', 'AC Sleeper', '19:34:00', '16:39:00'),
('RAVULAPALEM -> KURNOOL', 'AP Night Link 04', 'AC Sleeper', '20:57:00', '17:09:00'),
('KURNOOL -> RAVULAPALEM', 'AP Night Link 11', 'AC Sleeper', '19:41:00', '16:53:00'),
('SRIKAKULAM -> TIRUPATI', 'AP Night Link 05', 'AC Sleeper', '20:06:00', '18:36:00'),
('TIRUPATI -> SRIKAKULAM', 'AP Night Link 12', 'AC Sleeper', '19:48:00', '16:18:00'),
('RAJAHMUNDRY -> KURNOOL', 'AP Night Link 06', 'AC Sleeper', '20:15:00', '18:58:00'),
('KURNOOL -> RAJAHMUNDRY', 'AP Night Link 13', 'AC Sleeper', '19:55:00', '17:38:00'),
('VISAKHAPATNAM -> KADAPA', 'AP Night Link 07', 'AC Sleeper', '20:24:00', '18:07:00'),
('KADAPA -> VISAKHAPATNAM', 'AP Night Link 14', 'AC Sleeper', '19:02:00', '17:45:00'),
('BHIMAVARAM -> ANANTAPUR', 'AP Night Link 08', 'AC Sleeper', '21:33:00', '19:00:00'),
('ANANTAPUR -> BHIMAVARAM', 'AP Night Link 15', 'AC Sleeper', '19:09:00', '18:36:00'),
('KAKINADA -> KURNOOL', 'AP Night Link 09', 'AC Sleeper', '21:42:00', '19:21:00'),
('KURNOOL -> KAKINADA', 'AP Night Link 16', 'AC Sleeper', '19:16:00', '18:55:00'),
('SAMALKOT -> KURNOOL', 'AP Night Link 10', 'AC Sleeper', '21:51:00', '20:49:00'),
('KURNOOL -> SAMALKOT', 'AP Night Link 17', 'AC Sleeper', '19:23:00', '18:21:00');

PREPARE schedule_insert_stmt FROM @schedule_insert_sql;
EXECUTE schedule_insert_stmt;
DEALLOCATE PREPARE schedule_insert_stmt;


DROP TEMPORARY TABLE IF EXISTS seed_coupons;
CREATE TEMPORARY TABLE seed_coupons (
    code VARCHAR(50) PRIMARY KEY,
    discount_amount DECIMAL(10,2) NOT NULL,
    min_booking_amount DECIMAL(10,2) NOT NULL,
    max_uses INT NULL,
    per_user_limit INT NOT NULL,
    expiry_date DATE NOT NULL,
    active TINYINT NOT NULL
);

INSERT INTO seed_coupons (
    code, discount_amount, min_booking_amount, max_uses, per_user_limit, expiry_date, active
) VALUES
('WELCOME50', 50.00, 300.00, 500, 1, '2026-05-31', 1),
('APRIL100', 100.00, 800.00, 200, 1, '2026-04-30', 1),
('SUMMER75', 75.00, 500.00, 300, 2, '2026-05-31', 1),
('SLEEPER120', 120.00, 1000.00, 150, 1, '2026-05-31', 1),
('WEEKEND60', 60.00, 450.00, 400, 2, '2026-05-31', 1);

SET @coupon_table_exists = (
    SELECT COUNT(*)
    FROM information_schema.tables
    WHERE table_schema = DATABASE() AND table_name = 'coupons'
);

SET @coupon_insert_sql = IF(
    @coupon_table_exists = 0,
    'SELECT 1',
    CONCAT(
        'INSERT INTO coupons (code, discount_amount, min_booking_amount, max_uses, per_user_limit, expiry_date, active) ',
        'SELECT sc.code, sc.discount_amount, sc.min_booking_amount, sc.max_uses, sc.per_user_limit, sc.expiry_date, sc.active ',
        'FROM seed_coupons sc ',
        'WHERE NOT EXISTS (',
        'SELECT 1 FROM coupons c WHERE UPPER(TRIM(c.code)) = UPPER(TRIM(sc.code))',
        ')'
    )
);

PREPARE coupon_insert_stmt FROM @coupon_insert_sql;
EXECUTE coupon_insert_stmt;
DEALLOCATE PREPARE coupon_insert_stmt;

COMMIT;

SELECT COUNT(*) AS total_cities FROM cities;
SELECT COUNT(*) AS total_buses FROM buses;
SELECT COUNT(*) AS total_routes FROM routes;
SELECT COUNT(*) AS total_route_stops FROM route_stops;
SELECT COUNT(*) AS total_seeded_schedules
FROM schedules
WHERE DATE(departure_time) BETWEEN @seed_start_date AND @seed_end_date;

