START TRANSACTION;
DROP TEMPORARY TABLE IF EXISTS seed_cities_live;
CREATE TEMPORARY TABLE seed_cities_live (name VARCHAR(100) PRIMARY KEY);
INSERT INTO seed_cities_live (name) VALUES
('Srikakulam'),
('Vizianagaram'),
('Visakhapatnam'),
('Anakapalle'),
('Tuni'),
('Surampalem'),
('Samalkot'),
('Kakinada'),
('Rajahmundry'),
('Mandapeta'),
('Ravulapalem'),
('Bhimavaram'),
('Tadepalligudem'),
('Eluru'),
('Vijayawada'),
('Guntur'),
('Ongole'),
('Nellore'),
('Naidupeta'),
('Tirupati'),
('Kadapa'),
('Kurnool'),
('Anantapur');
INSERT INTO cities (name) SELECT s.name FROM seed_cities_live s WHERE NOT EXISTS (SELECT 1 FROM cities c WHERE UPPER(TRIM(c.name))=UPPER(TRIM(s.name)));
DROP TEMPORARY TABLE IF EXISTS seed_buses_live;
CREATE TEMPORARY TABLE seed_buses_live (operator_name VARCHAR(100), bus_type_value VARCHAR(20), seat_count INT, fare_mult DECIMAL(5,2), PRIMARY KEY (operator_name, bus_type_value));
INSERT INTO seed_buses_live (operator_name,bus_type_value,seat_count,fare_mult) VALUES
('AP Non AC 01','NON_AC',46,0.95),
('AP Non AC 02','NON_AC',46,0.95),
('AP Non AC 03','NON_AC',46,0.95),
('AP Non AC 04','NON_AC',46,0.95),
('AP Non AC 05','NON_AC',46,0.95),
('AP Non AC 06','NON_AC',46,0.95),
('AP Non AC 07','NON_AC',46,0.95),
('AP Non AC 08','NON_AC',46,0.95),
('AP Non AC 09','NON_AC',46,0.95),
('AP Non AC 10','NON_AC',46,0.95),
('AP Non AC 11','NON_AC',46,0.95),
('AP Non AC 12','NON_AC',46,0.95),
('AP Non AC 13','NON_AC',46,0.95),
('AP Non AC 14','NON_AC',46,0.95),
('AP Non AC 15','NON_AC',46,0.95),
('AP Non AC 16','NON_AC',46,0.95),
('AP Non AC 17','NON_AC',46,0.95),
('AP Non AC 18','NON_AC',46,0.95),
('AP AC 01','AC',40,1.10),
('AP AC 02','AC',40,1.10),
('AP AC 03','AC',40,1.10),
('AP AC 04','AC',40,1.10),
('AP AC 05','AC',40,1.10),
('AP AC 06','AC',40,1.10),
('AP AC 07','AC',40,1.10),
('AP AC 08','AC',40,1.10),
('AP AC 09','AC',40,1.10),
('AP AC 10','AC',40,1.10),
('AP AC 11','AC',40,1.10),
('AP AC 12','AC',40,1.10),
('AP AC 13','AC',40,1.10),
('AP AC 14','AC',40,1.10),
('AP AC 15','AC',40,1.10),
('AP AC 16','AC',40,1.10),
('AP AC 17','AC',40,1.10),
('AP AC 18','AC',40,1.10),
('AP Sleeper 01','SLEEPER',30,1.28),
('AP Sleeper 02','SLEEPER',30,1.28),
('AP Sleeper 03','SLEEPER',30,1.28),
('AP Sleeper 04','SLEEPER',30,1.28),
('AP Sleeper 05','SLEEPER',30,1.28),
('AP Sleeper 06','SLEEPER',30,1.28),
('AP Sleeper 07','SLEEPER',30,1.28),
('AP Sleeper 08','SLEEPER',30,1.28),
('AP Sleeper 09','SLEEPER',30,1.28),
('AP Sleeper 10','SLEEPER',30,1.28),
('AP Sleeper 11','SLEEPER',30,1.28),
('AP Sleeper 12','SLEEPER',30,1.28),
('AP Sleeper 13','SLEEPER',30,1.28),
('AP Sleeper 14','SLEEPER',30,1.28),
('AP Sleeper 15','SLEEPER',30,1.28),
('AP Sleeper 16','SLEEPER',30,1.28),
('AP Sleeper 17','SLEEPER',30,1.28),
('AP Sleeper 18','SLEEPER',30,1.28);
INSERT INTO buses (operator,bus_type,total_seats,fare_multiplier) SELECT s.operator_name,s.bus_type_value,s.seat_count,s.fare_mult FROM seed_buses_live s WHERE NOT EXISTS (SELECT 1 FROM buses b WHERE UPPER(TRIM(b.operator))=UPPER(TRIM(s.operator_name)) AND b.bus_type=s.bus_type_value);
DROP TEMPORARY TABLE IF EXISTS seed_routes_live;
CREATE TEMPORARY TABLE seed_routes_live (source_city VARCHAR(100), destination_city VARCHAR(100), base_fare DECIMAL(10,2), route_map VARCHAR(1024) NULL, PRIMARY KEY (source_city, destination_city));
INSERT INTO seed_routes_live (source_city,destination_city,base_fare,route_map) VALUES
('Samalkot','Tirupati',2.98,NULL),
('Tirupati','Samalkot',2.98,NULL),
('Mandapeta','Ravulapalem',2.55,NULL),
('Ravulapalem','Mandapeta',2.55,NULL),
('Surampalem','Samalkot',2.55,NULL),
('Samalkot','Surampalem',2.55,NULL),
('Samalkot','Kakinada',2.55,NULL),
('Kakinada','Samalkot',2.55,NULL),
('Rajahmundry','Mandapeta',2.55,NULL),
('Mandapeta','Rajahmundry',2.55,NULL),
('Visakhapatnam','Anakapalle',2.55,NULL),
('Anakapalle','Visakhapatnam',2.55,NULL),
('Rajahmundry','Ravulapalem',2.55,NULL),
('Ravulapalem','Rajahmundry',2.55,NULL),
('Surampalem','Kakinada',2.55,NULL),
('Kakinada','Surampalem',2.55,NULL),
('Bhimavaram','Tadepalligudem',2.55,NULL),
('Tadepalligudem','Bhimavaram',2.55,NULL),
('Vijayawada','Guntur',2.55,NULL),
('Guntur','Vijayawada',2.55,NULL),
('Kakinada','Rajahmundry',2.55,NULL),
('Rajahmundry','Kakinada',2.55,NULL),
('Eluru','Vijayawada',2.55,NULL),
('Vijayawada','Eluru',2.55,NULL),
('Tadepalligudem','Eluru',2.55,NULL),
('Eluru','Tadepalligudem',2.55,NULL),
('Samalkot','Rajahmundry',2.55,NULL),
('Rajahmundry','Samalkot',2.55,NULL),
('Tuni','Surampalem',2.55,NULL),
('Surampalem','Tuni',2.55,NULL),
('Vizianagaram','Visakhapatnam',2.55,NULL),
('Visakhapatnam','Vizianagaram',2.55,NULL),
('Kakinada','Mandapeta',2.55,NULL),
('Mandapeta','Kakinada',2.55,NULL),
('Anakapalle','Tuni',2.55,NULL),
('Tuni','Anakapalle',2.55,NULL),
('Srikakulam','Vizianagaram',2.55,NULL),
('Vizianagaram','Srikakulam',2.55,NULL),
('Samalkot','Mandapeta',2.55,NULL),
('Mandapeta','Samalkot',2.55,NULL),
('Kakinada','Ravulapalem',2.55,NULL),
('Ravulapalem','Kakinada',2.55,NULL),
('Surampalem','Rajahmundry',2.55,NULL),
('Rajahmundry','Surampalem',2.55,NULL),
('Tuni','Samalkot',2.55,NULL),
('Samalkot','Tuni',2.55,NULL),
('Naidupeta','Tirupati',2.55,NULL),
('Tirupati','Naidupeta',2.55,NULL),
('Bhimavaram','Eluru',2.60,NULL),
('Eluru','Bhimavaram',2.60,NULL),
('Eluru','Guntur',2.60,NULL),
('Guntur','Eluru',2.60,NULL),
('Nellore','Naidupeta',2.60,NULL),
('Naidupeta','Nellore',2.60,NULL),
('Vizianagaram','Anakapalle',2.60,NULL),
('Anakapalle','Vizianagaram',2.60,NULL),
('Samalkot','Ravulapalem',2.60,NULL),
('Ravulapalem','Samalkot',2.60,NULL),
('Tuni','Kakinada',2.60,NULL),
('Kakinada','Tuni',2.60,NULL),
('Surampalem','Mandapeta',2.60,NULL),
('Mandapeta','Surampalem',2.60,NULL),
('Ravulapalem','Bhimavaram',2.60,NULL),
('Bhimavaram','Ravulapalem',2.60,NULL),
('Visakhapatnam','Tuni',2.60,NULL),
('Tuni','Visakhapatnam',2.60,NULL),
('Guntur','Ongole',2.60,NULL),
('Ongole','Guntur',2.60,NULL),
('Tadepalligudem','Vijayawada',2.60,NULL),
('Vijayawada','Tadepalligudem',2.60,NULL),
('Surampalem','Ravulapalem',2.60,NULL),
('Ravulapalem','Surampalem',2.60,NULL),
('Mandapeta','Bhimavaram',2.60,NULL),
('Bhimavaram','Mandapeta',2.60,NULL),
('Anakapalle','Surampalem',2.60,NULL),
('Surampalem','Anakapalle',2.60,NULL),
('Srikakulam','Visakhapatnam',2.60,NULL),
('Visakhapatnam','Srikakulam',2.60,NULL),
('Rajahmundry','Bhimavaram',2.60,NULL),
('Bhimavaram','Rajahmundry',2.60,NULL),
('Ravulapalem','Tadepalligudem',2.60,NULL),
('Tadepalligudem','Ravulapalem',2.60,NULL),
('Ongole','Nellore',2.60,NULL),
('Nellore','Ongole',2.60,NULL),
('Tirupati','Kadapa',2.60,NULL),
('Kadapa','Tirupati',2.60,NULL),
('Tuni','Rajahmundry',2.60,NULL),
('Rajahmundry','Tuni',2.60,NULL),
('Anakapalle','Samalkot',2.60,NULL),
('Samalkot','Anakapalle',2.60,NULL),
('Bhimavaram','Vijayawada',2.60,NULL),
('Vijayawada','Bhimavaram',2.60,NULL),
('Tadepalligudem','Guntur',2.60,NULL),
('Guntur','Tadepalligudem',2.60,NULL),
('Vijayawada','Ongole',2.60,NULL),
('Ongole','Vijayawada',2.60,NULL),
('Mandapeta','Tadepalligudem',2.60,NULL),
('Tadepalligudem','Mandapeta',2.60,NULL),
('Tuni','Mandapeta',2.68,NULL),
('Mandapeta','Tuni',2.68,NULL),
('Kurnool','Anantapur',2.68,NULL),
('Anantapur','Kurnool',2.68,NULL),
('Srikakulam','Anakapalle',2.68,NULL),
('Anakapalle','Srikakulam',2.68,NULL),
('Visakhapatnam','Surampalem',2.68,NULL),
('Surampalem','Visakhapatnam',2.68,NULL),
('Vizianagaram','Tuni',2.68,NULL),
('Tuni','Vizianagaram',2.68,NULL),
('Anakapalle','Kakinada',2.68,NULL),
('Kakinada','Anakapalle',2.68,NULL),
('Rajahmundry','Tadepalligudem',2.68,NULL),
('Tadepalligudem','Rajahmundry',2.68,NULL),
('Nellore','Tirupati',2.68,NULL),
('Tirupati','Nellore',2.68,NULL),
('Tuni','Ravulapalem',2.68,NULL),
('Ravulapalem','Tuni',2.68,NULL),
('Kakinada','Bhimavaram',2.68,NULL),
('Bhimavaram','Kakinada',2.68,NULL),
('Visakhapatnam','Samalkot',2.68,NULL),
('Samalkot','Visakhapatnam',2.68,NULL),
('Bhimavaram','Guntur',2.68,NULL),
('Guntur','Bhimavaram',2.68,NULL),
('Ravulapalem','Eluru',2.68,NULL),
('Eluru','Ravulapalem',2.68,NULL),
('Samalkot','Bhimavaram',2.68,NULL),
('Bhimavaram','Samalkot',2.68,NULL),
('Visakhapatnam','Kakinada',2.68,NULL),
('Kakinada','Visakhapatnam',2.68,NULL),
('Eluru','Ongole',2.68,NULL),
('Ongole','Eluru',2.68,NULL),
('Mandapeta','Eluru',2.68,NULL),
('Eluru','Mandapeta',2.68,NULL),
('Anakapalle','Rajahmundry',2.68,NULL),
('Rajahmundry','Anakapalle',2.68,NULL),
('Surampalem','Bhimavaram',2.68,NULL),
('Bhimavaram','Surampalem',2.68,NULL),
('Kakinada','Tadepalligudem',2.68,NULL),
('Tadepalligudem','Kakinada',2.68,NULL),
('Kadapa','Kurnool',2.68,NULL),
('Kurnool','Kadapa',2.68,NULL),
('Naidupeta','Kadapa',2.68,NULL),
('Kadapa','Naidupeta',2.68,NULL),
('Vizianagaram','Surampalem',2.68,NULL),
('Surampalem','Vizianagaram',2.68,NULL),
('Rajahmundry','Eluru',2.68,NULL),
('Eluru','Rajahmundry',2.68,NULL),
('Anakapalle','Mandapeta',2.68,NULL),
('Mandapeta','Anakapalle',2.68,NULL),
('Srikakulam','Tuni',2.68,NULL),
('Tuni','Srikakulam',2.68,NULL),
('Samalkot','Tadepalligudem',2.68,NULL),
('Tadepalligudem','Samalkot',2.68,NULL),
('Ongole','Naidupeta',2.68,NULL),
('Naidupeta','Ongole',2.68,NULL),
('Visakhapatnam','Rajahmundry',2.68,NULL),
('Rajahmundry','Visakhapatnam',2.68,NULL),
('Vizianagaram','Samalkot',2.68,NULL),
('Samalkot','Vizianagaram',2.68,NULL),
('Anakapalle','Ravulapalem',2.68,NULL),
('Ravulapalem','Anakapalle',2.68,NULL),
('Ravulapalem','Vijayawada',2.68,NULL),
('Vijayawada','Ravulapalem',2.68,NULL),
('Surampalem','Tadepalligudem',2.68,NULL),
('Tadepalligudem','Surampalem',2.68,NULL),
('Guntur','Nellore',2.68,NULL),
('Nellore','Guntur',2.68,NULL),
('Vizianagaram','Kakinada',2.68,NULL),
('Kakinada','Vizianagaram',2.68,NULL),
('Visakhapatnam','Mandapeta',2.68,NULL),
('Mandapeta','Visakhapatnam',2.68,NULL),
('Tadepalligudem','Ongole',2.78,NULL),
('Ongole','Tadepalligudem',2.78,NULL),
('Mandapeta','Vijayawada',2.78,NULL),
('Vijayawada','Mandapeta',2.78,NULL),
('Kakinada','Eluru',2.78,NULL),
('Eluru','Kakinada',2.78,NULL),
('Tuni','Bhimavaram',2.78,NULL),
('Bhimavaram','Tuni',2.78,NULL),
('Visakhapatnam','Ravulapalem',2.78,NULL),
('Ravulapalem','Visakhapatnam',2.78,NULL),
('Rajahmundry','Vijayawada',2.78,NULL),
('Vijayawada','Rajahmundry',2.78,NULL),
('Ravulapalem','Guntur',2.78,NULL),
('Guntur','Ravulapalem',2.78,NULL),
('Samalkot','Eluru',2.78,NULL),
('Eluru','Samalkot',2.78,NULL),
('Srikakulam','Surampalem',2.78,NULL),
('Surampalem','Srikakulam',2.78,NULL),
('Vijayawada','Nellore',2.78,NULL),
('Nellore','Vijayawada',2.78,NULL),
('Bhimavaram','Ongole',2.78,NULL),
('Ongole','Bhimavaram',2.78,NULL),
('Mandapeta','Guntur',2.78,NULL),
('Guntur','Mandapeta',2.78,NULL),
('Vizianagaram','Rajahmundry',2.78,NULL),
('Rajahmundry','Vizianagaram',2.78,NULL),
('Surampalem','Eluru',2.78,NULL),
('Eluru','Surampalem',2.78,NULL),
('Srikakulam','Samalkot',2.78,NULL),
('Samalkot','Srikakulam',2.78,NULL),
('Tuni','Tadepalligudem',2.78,NULL),
('Tadepalligudem','Tuni',2.78,NULL),
('Nellore','Kadapa',2.78,NULL),
('Kadapa','Nellore',2.78,NULL),
('Ongole','Tirupati',2.78,NULL),
('Tirupati','Ongole',2.78,NULL),
('Rajahmundry','Guntur',2.78,NULL),
('Guntur','Rajahmundry',2.78,NULL),
('Vizianagaram','Mandapeta',2.78,NULL),
('Mandapeta','Vizianagaram',2.78,NULL),
('Srikakulam','Kakinada',2.78,NULL),
('Kakinada','Srikakulam',2.78,NULL),
('Kakinada','Vijayawada',2.78,NULL),
('Vijayawada','Kakinada',2.78,NULL),
('Vizianagaram','Ravulapalem',2.78,NULL),
('Ravulapalem','Vizianagaram',2.78,NULL),
('Anakapalle','Bhimavaram',2.78,NULL),
('Bhimavaram','Anakapalle',2.78,NULL),
('Samalkot','Vijayawada',2.78,NULL),
('Vijayawada','Samalkot',2.78,NULL),
('Eluru','Nellore',2.78,NULL),
('Nellore','Eluru',2.78,NULL),
('Guntur','Naidupeta',2.78,NULL),
('Naidupeta','Guntur',2.78,NULL),
('Tirupati','Kurnool',2.78,NULL),
('Kurnool','Tirupati',2.78,NULL),
('Surampalem','Vijayawada',2.78,NULL),
('Vijayawada','Surampalem',2.78,NULL),
('Kakinada','Guntur',2.78,NULL),
('Guntur','Kakinada',2.78,NULL),
('Tuni','Eluru',2.78,NULL),
('Eluru','Tuni',2.78,NULL),
('Srikakulam','Rajahmundry',2.78,NULL),
('Rajahmundry','Srikakulam',2.78,NULL),
('Visakhapatnam','Bhimavaram',2.78,NULL),
('Bhimavaram','Visakhapatnam',2.78,NULL),
('Anakapalle','Tadepalligudem',2.78,NULL),
('Tadepalligudem','Anakapalle',2.78,NULL),
('Samalkot','Guntur',2.78,NULL),
('Guntur','Samalkot',2.78,NULL),
('Kadapa','Anantapur',2.78,NULL),
('Anantapur','Kadapa',2.78,NULL),
('Vijayawada','Naidupeta',2.78,NULL),
('Naidupeta','Vijayawada',2.78,NULL),
('Srikakulam','Mandapeta',2.78,NULL),
('Mandapeta','Srikakulam',2.78,NULL),
('Ravulapalem','Ongole',2.78,NULL),
('Ongole','Ravulapalem',2.78,NULL),
('Surampalem','Guntur',2.78,NULL),
('Guntur','Surampalem',2.78,NULL),
('Tadepalligudem','Nellore',2.78,NULL),
('Nellore','Tadepalligudem',2.78,NULL),
('Srikakulam','Ravulapalem',2.78,NULL),
('Ravulapalem','Srikakulam',2.78,NULL),
('Visakhapatnam','Tadepalligudem',2.78,NULL),
('Tadepalligudem','Visakhapatnam',2.78,NULL),
('Mandapeta','Ongole',2.88,NULL),
('Ongole','Mandapeta',2.88,NULL),
('Tuni','Vijayawada',2.88,NULL),
('Vijayawada','Tuni',2.88,NULL),
('Guntur','Tirupati',2.88,NULL),
('Tirupati','Guntur',2.88,NULL),
('Rajahmundry','Ongole',2.88,NULL),
('Ongole','Rajahmundry',2.88,NULL),
('Anakapalle','Eluru',2.88,NULL),
('Eluru','Anakapalle',2.88,NULL),
('Vizianagaram','Bhimavaram',2.88,NULL),
('Bhimavaram','Vizianagaram',2.88,NULL),
('Bhimavaram','Nellore',2.88,NULL),
('Nellore','Bhimavaram',2.88,NULL),
('Eluru','Naidupeta',2.88,NULL),
('Naidupeta','Eluru',2.88,NULL),
('Naidupeta','Kurnool',2.88,NULL),
('Kurnool','Naidupeta',2.88,NULL),
('Ongole','Kadapa',2.88,NULL),
('Kadapa','Ongole',2.88,NULL),
('Tuni','Guntur',2.88,NULL),
('Guntur','Tuni',2.88,NULL),
('Vijayawada','Tirupati',2.88,NULL),
('Tirupati','Vijayawada',2.88,NULL),
('Visakhapatnam','Eluru',2.88,NULL),
('Eluru','Visakhapatnam',2.88,NULL),
('Vizianagaram','Tadepalligudem',2.88,NULL),
('Tadepalligudem','Vizianagaram',2.88,NULL),
('Kakinada','Ongole',2.88,NULL),
('Ongole','Kakinada',2.88,NULL),
('Anakapalle','Vijayawada',2.88,NULL),
('Vijayawada','Anakapalle',2.88,NULL),
('Samalkot','Ongole',2.88,NULL),
('Ongole','Samalkot',2.88,NULL),
('Tadepalligudem','Naidupeta',2.88,NULL),
('Naidupeta','Tadepalligudem',2.88,NULL),
('Srikakulam','Bhimavaram',2.88,NULL),
('Bhimavaram','Srikakulam',2.88,NULL),
('Surampalem','Ongole',2.88,NULL),
('Ongole','Surampalem',2.88,NULL),
('Eluru','Tirupati',2.88,NULL),
('Tirupati','Eluru',2.88,NULL),
('Tirupati','Anantapur',2.88,NULL),
('Anantapur','Tirupati',2.88,NULL);
INSERT INTO routes (source_city_id,destination_city_id,base_fare,route_map) SELECT src.id,dst.id,s.base_fare,s.route_map FROM seed_routes_live s JOIN cities src ON UPPER(TRIM(src.name))=UPPER(TRIM(s.source_city)) JOIN cities dst ON UPPER(TRIM(dst.name))=UPPER(TRIM(s.destination_city)) WHERE NOT EXISTS (SELECT 1 FROM routes r WHERE r.source_city_id=src.id AND r.destination_city_id=dst.id);
DROP TEMPORARY TABLE IF EXISTS seed_route_stops_live;
CREATE TEMPORARY TABLE seed_route_stops_live (source_city VARCHAR(100), destination_city VARCHAR(100), stop_city VARCHAR(100), stop_order_value INT, distance_value DECIMAL(10,2), arrival_offset_value INT, departure_offset_value INT, PRIMARY KEY (source_city,destination_city,stop_order_value));
INSERT INTO seed_route_stops_live (source_city,destination_city,stop_city,stop_order_value,distance_value,arrival_offset_value,departure_offset_value) VALUES
('Samalkot','Tirupati','Samalkot',1,0.00,0,0),
('Samalkot','Tirupati','Tirupati',2,783.00,960,960),
('Tirupati','Samalkot','Tirupati',1,0.00,0,0),
('Tirupati','Samalkot','Samalkot',2,783.00,960,960),
('Mandapeta','Ravulapalem','Mandapeta',1,0.00,0,0),
('Mandapeta','Ravulapalem','Ravulapalem',2,17.00,41,41),
('Ravulapalem','Mandapeta','Ravulapalem',1,0.00,0,0),
('Ravulapalem','Mandapeta','Mandapeta',2,17.00,41,41),
('Surampalem','Samalkot','Surampalem',1,0.00,0,0),
('Surampalem','Samalkot','Samalkot',2,18.00,42,42),
('Samalkot','Surampalem','Samalkot',1,0.00,0,0),
('Samalkot','Surampalem','Surampalem',2,18.00,42,42),
('Samalkot','Kakinada','Samalkot',1,0.00,0,0),
('Samalkot','Kakinada','Kakinada',2,15.00,38,38),
('Kakinada','Samalkot','Kakinada',1,0.00,0,0),
('Kakinada','Samalkot','Samalkot',2,15.00,38,38),
('Rajahmundry','Mandapeta','Rajahmundry',1,0.00,0,0),
('Rajahmundry','Mandapeta','Mandapeta',2,16.00,40,40),
('Mandapeta','Rajahmundry','Mandapeta',1,0.00,0,0),
('Mandapeta','Rajahmundry','Rajahmundry',2,16.00,40,40),
('Visakhapatnam','Anakapalle','Visakhapatnam',1,0.00,0,0),
('Visakhapatnam','Anakapalle','Anakapalle',2,30.00,56,56),
('Anakapalle','Visakhapatnam','Anakapalle',1,0.00,0,0),
('Anakapalle','Visakhapatnam','Visakhapatnam',2,30.00,56,56),
('Rajahmundry','Ravulapalem','Rajahmundry',1,0.00,0,0),
('Rajahmundry','Ravulapalem','Ravulapalem',2,33.00,60,60),
('Ravulapalem','Rajahmundry','Ravulapalem',1,0.00,0,0),
('Ravulapalem','Rajahmundry','Rajahmundry',2,33.00,60,60),
('Surampalem','Kakinada','Surampalem',1,0.00,0,0),
('Surampalem','Kakinada','Kakinada',2,33.00,60,60),
('Kakinada','Surampalem','Kakinada',1,0.00,0,0),
('Kakinada','Surampalem','Surampalem',2,33.00,60,60),
('Bhimavaram','Tadepalligudem','Bhimavaram',1,0.00,0,0),
('Bhimavaram','Tadepalligudem','Tadepalligudem',2,35.00,62,62),
('Tadepalligudem','Bhimavaram','Tadepalligudem',1,0.00,0,0),
('Tadepalligudem','Bhimavaram','Bhimavaram',2,35.00,62,62),
('Vijayawada','Guntur','Vijayawada',1,0.00,0,0),
('Vijayawada','Guntur','Guntur',2,35.00,62,62),
('Guntur','Vijayawada','Guntur',1,0.00,0,0),
('Guntur','Vijayawada','Vijayawada',2,35.00,62,62),
('Kakinada','Rajahmundry','Kakinada',1,0.00,0,0),
('Kakinada','Rajahmundry','Rajahmundry',2,45.00,74,74),
('Rajahmundry','Kakinada','Rajahmundry',1,0.00,0,0),
('Rajahmundry','Kakinada','Kakinada',2,45.00,74,74),
('Eluru','Vijayawada','Eluru',1,0.00,0,0),
('Eluru','Vijayawada','Vijayawada',2,55.00,86,86),
('Vijayawada','Eluru','Vijayawada',1,0.00,0,0),
('Vijayawada','Eluru','Eluru',2,55.00,86,86),
('Tadepalligudem','Eluru','Tadepalligudem',1,0.00,0,0),
('Tadepalligudem','Eluru','Eluru',2,55.00,86,86),
('Eluru','Tadepalligudem','Eluru',1,0.00,0,0),
('Eluru','Tadepalligudem','Tadepalligudem',2,55.00,86,86),
('Samalkot','Rajahmundry','Samalkot',1,0.00,0,0),
('Samalkot','Rajahmundry','Rajahmundry',2,60.00,92,92),
('Rajahmundry','Samalkot','Rajahmundry',1,0.00,0,0),
('Rajahmundry','Samalkot','Samalkot',2,60.00,92,92),
('Tuni','Surampalem','Tuni',1,0.00,0,0),
('Tuni','Surampalem','Surampalem',2,60.00,92,92),
('Surampalem','Tuni','Surampalem',1,0.00,0,0),
('Surampalem','Tuni','Tuni',2,60.00,92,92),
('Vizianagaram','Visakhapatnam','Vizianagaram',1,0.00,0,0),
('Vizianagaram','Visakhapatnam','Visakhapatnam',2,60.00,92,92),
('Visakhapatnam','Vizianagaram','Visakhapatnam',1,0.00,0,0),
('Visakhapatnam','Vizianagaram','Vizianagaram',2,60.00,92,92),
('Kakinada','Mandapeta','Kakinada',1,0.00,0,0),
('Kakinada','Mandapeta','Mandapeta',2,61.00,94,94),
('Mandapeta','Kakinada','Mandapeta',1,0.00,0,0),
('Mandapeta','Kakinada','Kakinada',2,61.00,94,94),
('Anakapalle','Tuni','Anakapalle',1,0.00,0,0),
('Anakapalle','Tuni','Tuni',2,65.00,98,98),
('Tuni','Anakapalle','Tuni',1,0.00,0,0),
('Tuni','Anakapalle','Anakapalle',2,65.00,98,98),
('Srikakulam','Vizianagaram','Srikakulam',1,0.00,0,0),
('Srikakulam','Vizianagaram','Vizianagaram',2,65.00,98,98),
('Vizianagaram','Srikakulam','Vizianagaram',1,0.00,0,0),
('Vizianagaram','Srikakulam','Srikakulam',2,65.00,98,98),
('Samalkot','Mandapeta','Samalkot',1,0.00,0,0),
('Samalkot','Mandapeta','Mandapeta',2,76.00,112,112),
('Mandapeta','Samalkot','Mandapeta',1,0.00,0,0),
('Mandapeta','Samalkot','Samalkot',2,76.00,112,112),
('Kakinada','Ravulapalem','Kakinada',1,0.00,0,0),
('Kakinada','Ravulapalem','Ravulapalem',2,78.00,114,114),
('Ravulapalem','Kakinada','Ravulapalem',1,0.00,0,0),
('Ravulapalem','Kakinada','Kakinada',2,78.00,114,114),
('Surampalem','Rajahmundry','Surampalem',1,0.00,0,0),
('Surampalem','Rajahmundry','Rajahmundry',2,78.00,114,114),
('Rajahmundry','Surampalem','Rajahmundry',1,0.00,0,0),
('Rajahmundry','Surampalem','Surampalem',2,78.00,114,114),
('Tuni','Samalkot','Tuni',1,0.00,0,0),
('Tuni','Samalkot','Samalkot',2,78.00,114,114),
('Samalkot','Tuni','Samalkot',1,0.00,0,0),
('Samalkot','Tuni','Tuni',2,78.00,114,114),
('Naidupeta','Tirupati','Naidupeta',1,0.00,0,0),
('Naidupeta','Tirupati','Tirupati',2,80.00,116,116),
('Tirupati','Naidupeta','Tirupati',1,0.00,0,0),
('Tirupati','Naidupeta','Naidupeta',2,80.00,116,116),
('Bhimavaram','Eluru','Bhimavaram',1,0.00,0,0),
('Bhimavaram','Eluru','Eluru',2,90.00,128,128),
('Eluru','Bhimavaram','Eluru',1,0.00,0,0),
('Eluru','Bhimavaram','Bhimavaram',2,90.00,128,128),
('Eluru','Guntur','Eluru',1,0.00,0,0),
('Eluru','Guntur','Guntur',2,90.00,128,128),
('Guntur','Eluru','Guntur',1,0.00,0,0),
('Guntur','Eluru','Eluru',2,90.00,128,128),
('Nellore','Naidupeta','Nellore',1,0.00,0,0),
('Nellore','Naidupeta','Naidupeta',2,90.00,128,128),
('Naidupeta','Nellore','Naidupeta',1,0.00,0,0),
('Naidupeta','Nellore','Nellore',2,90.00,128,128),
('Vizianagaram','Anakapalle','Vizianagaram',1,0.00,0,0),
('Vizianagaram','Anakapalle','Anakapalle',2,90.00,128,128),
('Anakapalle','Vizianagaram','Anakapalle',1,0.00,0,0),
('Anakapalle','Vizianagaram','Vizianagaram',2,90.00,128,128),
('Samalkot','Ravulapalem','Samalkot',1,0.00,0,0),
('Samalkot','Ravulapalem','Ravulapalem',2,93.00,132,132),
('Ravulapalem','Samalkot','Ravulapalem',1,0.00,0,0),
('Ravulapalem','Samalkot','Samalkot',2,93.00,132,132),
('Tuni','Kakinada','Tuni',1,0.00,0,0),
('Tuni','Kakinada','Kakinada',2,93.00,132,132),
('Kakinada','Tuni','Kakinada',1,0.00,0,0),
('Kakinada','Tuni','Tuni',2,93.00,132,132),
('Surampalem','Mandapeta','Surampalem',1,0.00,0,0),
('Surampalem','Mandapeta','Mandapeta',2,94.00,133,133),
('Mandapeta','Surampalem','Mandapeta',1,0.00,0,0),
('Mandapeta','Surampalem','Surampalem',2,94.00,133,133),
('Ravulapalem','Bhimavaram','Ravulapalem',1,0.00,0,0),
('Ravulapalem','Bhimavaram','Bhimavaram',2,95.00,134,134),
('Bhimavaram','Ravulapalem','Bhimavaram',1,0.00,0,0),
('Bhimavaram','Ravulapalem','Ravulapalem',2,95.00,134,134),
('Visakhapatnam','Tuni','Visakhapatnam',1,0.00,0,0),
('Visakhapatnam','Tuni','Tuni',2,95.00,134,134),
('Tuni','Visakhapatnam','Tuni',1,0.00,0,0),
('Tuni','Visakhapatnam','Visakhapatnam',2,95.00,134,134),
('Guntur','Ongole','Guntur',1,0.00,0,0),
('Guntur','Ongole','Ongole',2,110.00,152,152),
('Ongole','Guntur','Ongole',1,0.00,0,0),
('Ongole','Guntur','Guntur',2,110.00,152,152),
('Tadepalligudem','Vijayawada','Tadepalligudem',1,0.00,0,0),
('Tadepalligudem','Vijayawada','Vijayawada',2,110.00,152,152),
('Vijayawada','Tadepalligudem','Vijayawada',1,0.00,0,0),
('Vijayawada','Tadepalligudem','Tadepalligudem',2,110.00,152,152),
('Surampalem','Ravulapalem','Surampalem',1,0.00,0,0),
('Surampalem','Ravulapalem','Ravulapalem',2,111.00,154,154),
('Ravulapalem','Surampalem','Ravulapalem',1,0.00,0,0),
('Ravulapalem','Surampalem','Surampalem',2,111.00,154,154),
('Mandapeta','Bhimavaram','Mandapeta',1,0.00,0,0),
('Mandapeta','Bhimavaram','Bhimavaram',2,112.00,155,155),
('Bhimavaram','Mandapeta','Bhimavaram',1,0.00,0,0),
('Bhimavaram','Mandapeta','Mandapeta',2,112.00,155,155),
('Anakapalle','Surampalem','Anakapalle',1,0.00,0,0),
('Anakapalle','Surampalem','Surampalem',2,125.00,170,170),
('Surampalem','Anakapalle','Surampalem',1,0.00,0,0),
('Surampalem','Anakapalle','Anakapalle',2,125.00,170,170),
('Srikakulam','Visakhapatnam','Srikakulam',1,0.00,0,0),
('Srikakulam','Visakhapatnam','Visakhapatnam',2,125.00,170,170),
('Visakhapatnam','Srikakulam','Visakhapatnam',1,0.00,0,0),
('Visakhapatnam','Srikakulam','Srikakulam',2,125.00,170,170),
('Rajahmundry','Bhimavaram','Rajahmundry',1,0.00,0,0),
('Rajahmundry','Bhimavaram','Bhimavaram',2,128.00,174,174),
('Bhimavaram','Rajahmundry','Bhimavaram',1,0.00,0,0),
('Bhimavaram','Rajahmundry','Rajahmundry',2,128.00,174,174),
('Ravulapalem','Tadepalligudem','Ravulapalem',1,0.00,0,0),
('Ravulapalem','Tadepalligudem','Tadepalligudem',2,130.00,176,176),
('Tadepalligudem','Ravulapalem','Tadepalligudem',1,0.00,0,0),
('Tadepalligudem','Ravulapalem','Ravulapalem',2,130.00,176,176),
('Ongole','Nellore','Ongole',1,0.00,0,0),
('Ongole','Nellore','Nellore',2,135.00,182,182),
('Nellore','Ongole','Nellore',1,0.00,0,0),
('Nellore','Ongole','Ongole',2,135.00,182,182),
('Tirupati','Kadapa','Tirupati',1,0.00,0,0),
('Tirupati','Kadapa','Kadapa',2,135.00,182,182),
('Kadapa','Tirupati','Kadapa',1,0.00,0,0),
('Kadapa','Tirupati','Tirupati',2,135.00,182,182),
('Tuni','Rajahmundry','Tuni',1,0.00,0,0),
('Tuni','Rajahmundry','Rajahmundry',2,138.00,186,186),
('Rajahmundry','Tuni','Rajahmundry',1,0.00,0,0),
('Rajahmundry','Tuni','Tuni',2,138.00,186,186),
('Anakapalle','Samalkot','Anakapalle',1,0.00,0,0),
('Anakapalle','Samalkot','Samalkot',2,143.00,192,192),
('Samalkot','Anakapalle','Samalkot',1,0.00,0,0),
('Samalkot','Anakapalle','Anakapalle',2,143.00,192,192),
('Bhimavaram','Vijayawada','Bhimavaram',1,0.00,0,0),
('Bhimavaram','Vijayawada','Vijayawada',2,145.00,194,194),
('Vijayawada','Bhimavaram','Vijayawada',1,0.00,0,0),
('Vijayawada','Bhimavaram','Bhimavaram',2,145.00,194,194),
('Tadepalligudem','Guntur','Tadepalligudem',1,0.00,0,0),
('Tadepalligudem','Guntur','Guntur',2,145.00,194,194),
('Guntur','Tadepalligudem','Guntur',1,0.00,0,0),
('Guntur','Tadepalligudem','Tadepalligudem',2,145.00,194,194),
('Vijayawada','Ongole','Vijayawada',1,0.00,0,0),
('Vijayawada','Ongole','Ongole',2,145.00,194,194),
('Ongole','Vijayawada','Ongole',1,0.00,0,0),
('Ongole','Vijayawada','Vijayawada',2,145.00,194,194),
('Mandapeta','Tadepalligudem','Mandapeta',1,0.00,0,0),
('Mandapeta','Tadepalligudem','Tadepalligudem',2,147.00,197,197),
('Tadepalligudem','Mandapeta','Tadepalligudem',1,0.00,0,0),
('Tadepalligudem','Mandapeta','Mandapeta',2,147.00,197,197),
('Tuni','Mandapeta','Tuni',1,0.00,0,0),
('Tuni','Mandapeta','Mandapeta',2,154.00,205,205),
('Mandapeta','Tuni','Mandapeta',1,0.00,0,0),
('Mandapeta','Tuni','Tuni',2,154.00,205,205),
('Kurnool','Anantapur','Kurnool',1,0.00,0,0),
('Kurnool','Anantapur','Anantapur',2,155.00,206,206),
('Anantapur','Kurnool','Anantapur',1,0.00,0,0),
('Anantapur','Kurnool','Kurnool',2,155.00,206,206),
('Srikakulam','Anakapalle','Srikakulam',1,0.00,0,0),
('Srikakulam','Anakapalle','Anakapalle',2,155.00,206,206),
('Anakapalle','Srikakulam','Anakapalle',1,0.00,0,0),
('Anakapalle','Srikakulam','Srikakulam',2,155.00,206,206),
('Visakhapatnam','Surampalem','Visakhapatnam',1,0.00,0,0),
('Visakhapatnam','Surampalem','Surampalem',2,155.00,206,206),
('Surampalem','Visakhapatnam','Surampalem',1,0.00,0,0),
('Surampalem','Visakhapatnam','Visakhapatnam',2,155.00,206,206),
('Vizianagaram','Tuni','Vizianagaram',1,0.00,0,0),
('Vizianagaram','Tuni','Tuni',2,155.00,206,206),
('Tuni','Vizianagaram','Tuni',1,0.00,0,0),
('Tuni','Vizianagaram','Vizianagaram',2,155.00,206,206),
('Anakapalle','Kakinada','Anakapalle',1,0.00,0,0),
('Anakapalle','Kakinada','Kakinada',2,158.00,210,210),
('Kakinada','Anakapalle','Kakinada',1,0.00,0,0),
('Kakinada','Anakapalle','Anakapalle',2,158.00,210,210),
('Rajahmundry','Tadepalligudem','Rajahmundry',1,0.00,0,0),
('Rajahmundry','Tadepalligudem','Tadepalligudem',2,163.00,216,216),
('Tadepalligudem','Rajahmundry','Tadepalligudem',1,0.00,0,0),
('Tadepalligudem','Rajahmundry','Rajahmundry',2,163.00,216,216),
('Nellore','Tirupati','Nellore',1,0.00,0,0),
('Nellore','Tirupati','Tirupati',2,170.00,224,224),
('Tirupati','Nellore','Tirupati',1,0.00,0,0),
('Tirupati','Nellore','Nellore',2,170.00,224,224),
('Tuni','Ravulapalem','Tuni',1,0.00,0,0),
('Tuni','Ravulapalem','Ravulapalem',2,171.00,226,226),
('Ravulapalem','Tuni','Ravulapalem',1,0.00,0,0),
('Ravulapalem','Tuni','Tuni',2,171.00,226,226),
('Kakinada','Bhimavaram','Kakinada',1,0.00,0,0),
('Kakinada','Bhimavaram','Bhimavaram',2,173.00,228,228),
('Bhimavaram','Kakinada','Bhimavaram',1,0.00,0,0),
('Bhimavaram','Kakinada','Kakinada',2,173.00,228,228),
('Visakhapatnam','Samalkot','Visakhapatnam',1,0.00,0,0),
('Visakhapatnam','Samalkot','Samalkot',2,173.00,228,228),
('Samalkot','Visakhapatnam','Samalkot',1,0.00,0,0),
('Samalkot','Visakhapatnam','Visakhapatnam',2,173.00,228,228),
('Bhimavaram','Guntur','Bhimavaram',1,0.00,0,0),
('Bhimavaram','Guntur','Guntur',2,180.00,236,236),
('Guntur','Bhimavaram','Guntur',1,0.00,0,0),
('Guntur','Bhimavaram','Bhimavaram',2,180.00,236,236),
('Ravulapalem','Eluru','Ravulapalem',1,0.00,0,0),
('Ravulapalem','Eluru','Eluru',2,185.00,242,242),
('Eluru','Ravulapalem','Eluru',1,0.00,0,0),
('Eluru','Ravulapalem','Ravulapalem',2,185.00,242,242),
('Samalkot','Bhimavaram','Samalkot',1,0.00,0,0),
('Samalkot','Bhimavaram','Bhimavaram',2,188.00,246,246),
('Bhimavaram','Samalkot','Bhimavaram',1,0.00,0,0),
('Bhimavaram','Samalkot','Samalkot',2,188.00,246,246),
('Visakhapatnam','Kakinada','Visakhapatnam',1,0.00,0,0),
('Visakhapatnam','Kakinada','Kakinada',2,188.00,246,246),
('Kakinada','Visakhapatnam','Kakinada',1,0.00,0,0),
('Kakinada','Visakhapatnam','Visakhapatnam',2,188.00,246,246),
('Eluru','Ongole','Eluru',1,0.00,0,0),
('Eluru','Ongole','Ongole',2,200.00,260,260),
('Ongole','Eluru','Ongole',1,0.00,0,0),
('Ongole','Eluru','Eluru',2,200.00,260,260),
('Mandapeta','Eluru','Mandapeta',1,0.00,0,0),
('Mandapeta','Eluru','Eluru',2,202.00,263,263),
('Eluru','Mandapeta','Eluru',1,0.00,0,0),
('Eluru','Mandapeta','Mandapeta',2,202.00,263,263),
('Anakapalle','Rajahmundry','Anakapalle',1,0.00,0,0),
('Anakapalle','Rajahmundry','Rajahmundry',2,203.00,264,264),
('Rajahmundry','Anakapalle','Rajahmundry',1,0.00,0,0),
('Rajahmundry','Anakapalle','Anakapalle',2,203.00,264,264),
('Surampalem','Bhimavaram','Surampalem',1,0.00,0,0),
('Surampalem','Bhimavaram','Bhimavaram',2,206.00,268,268),
('Bhimavaram','Surampalem','Bhimavaram',1,0.00,0,0),
('Bhimavaram','Surampalem','Surampalem',2,206.00,268,268),
('Kakinada','Tadepalligudem','Kakinada',1,0.00,0,0),
('Kakinada','Tadepalligudem','Tadepalligudem',2,208.00,270,270),
('Tadepalligudem','Kakinada','Tadepalligudem',1,0.00,0,0),
('Tadepalligudem','Kakinada','Kakinada',2,208.00,270,270),
('Kadapa','Kurnool','Kadapa',1,0.00,0,0),
('Kadapa','Kurnool','Kurnool',2,215.00,278,278),
('Kurnool','Kadapa','Kurnool',1,0.00,0,0),
('Kurnool','Kadapa','Kadapa',2,215.00,278,278),
('Naidupeta','Kadapa','Naidupeta',1,0.00,0,0),
('Naidupeta','Kadapa','Kadapa',2,215.00,278,278),
('Kadapa','Naidupeta','Kadapa',1,0.00,0,0),
('Kadapa','Naidupeta','Naidupeta',2,215.00,278,278),
('Vizianagaram','Surampalem','Vizianagaram',1,0.00,0,0),
('Vizianagaram','Surampalem','Surampalem',2,215.00,278,278),
('Surampalem','Vizianagaram','Surampalem',1,0.00,0,0),
('Surampalem','Vizianagaram','Vizianagaram',2,215.00,278,278),
('Rajahmundry','Eluru','Rajahmundry',1,0.00,0,0),
('Rajahmundry','Eluru','Eluru',2,218.00,282,282),
('Eluru','Rajahmundry','Eluru',1,0.00,0,0),
('Eluru','Rajahmundry','Rajahmundry',2,218.00,282,282),
('Anakapalle','Mandapeta','Anakapalle',1,0.00,0,0),
('Anakapalle','Mandapeta','Mandapeta',2,219.00,283,283),
('Mandapeta','Anakapalle','Mandapeta',1,0.00,0,0),
('Mandapeta','Anakapalle','Anakapalle',2,219.00,283,283),
('Srikakulam','Tuni','Srikakulam',1,0.00,0,0),
('Srikakulam','Tuni','Tuni',2,220.00,284,284),
('Tuni','Srikakulam','Tuni',1,0.00,0,0),
('Tuni','Srikakulam','Srikakulam',2,220.00,284,284),
('Samalkot','Tadepalligudem','Samalkot',1,0.00,0,0),
('Samalkot','Tadepalligudem','Tadepalligudem',2,223.00,288,288),
('Tadepalligudem','Samalkot','Tadepalligudem',1,0.00,0,0),
('Tadepalligudem','Samalkot','Samalkot',2,223.00,288,288),
('Ongole','Naidupeta','Ongole',1,0.00,0,0),
('Ongole','Naidupeta','Naidupeta',2,225.00,290,290),
('Naidupeta','Ongole','Naidupeta',1,0.00,0,0),
('Naidupeta','Ongole','Ongole',2,225.00,290,290),
('Visakhapatnam','Rajahmundry','Visakhapatnam',1,0.00,0,0),
('Visakhapatnam','Rajahmundry','Rajahmundry',2,233.00,300,300),
('Rajahmundry','Visakhapatnam','Rajahmundry',1,0.00,0,0),
('Rajahmundry','Visakhapatnam','Visakhapatnam',2,233.00,300,300),
('Vizianagaram','Samalkot','Vizianagaram',1,0.00,0,0),
('Vizianagaram','Samalkot','Samalkot',2,233.00,300,300),
('Samalkot','Vizianagaram','Samalkot',1,0.00,0,0),
('Samalkot','Vizianagaram','Vizianagaram',2,233.00,300,300),
('Anakapalle','Ravulapalem','Anakapalle',1,0.00,0,0),
('Anakapalle','Ravulapalem','Ravulapalem',2,236.00,304,304),
('Ravulapalem','Anakapalle','Ravulapalem',1,0.00,0,0),
('Ravulapalem','Anakapalle','Anakapalle',2,236.00,304,304),
('Ravulapalem','Vijayawada','Ravulapalem',1,0.00,0,0),
('Ravulapalem','Vijayawada','Vijayawada',2,240.00,308,308),
('Vijayawada','Ravulapalem','Vijayawada',1,0.00,0,0),
('Vijayawada','Ravulapalem','Ravulapalem',2,240.00,308,308),
('Surampalem','Tadepalligudem','Surampalem',1,0.00,0,0),
('Surampalem','Tadepalligudem','Tadepalligudem',2,241.00,310,310),
('Tadepalligudem','Surampalem','Tadepalligudem',1,0.00,0,0),
('Tadepalligudem','Surampalem','Surampalem',2,241.00,310,310),
('Guntur','Nellore','Guntur',1,0.00,0,0),
('Guntur','Nellore','Nellore',2,245.00,314,314),
('Nellore','Guntur','Nellore',1,0.00,0,0),
('Nellore','Guntur','Guntur',2,245.00,314,314),
('Vizianagaram','Kakinada','Vizianagaram',1,0.00,0,0),
('Vizianagaram','Kakinada','Kakinada',2,248.00,318,318),
('Kakinada','Vizianagaram','Kakinada',1,0.00,0,0),
('Kakinada','Vizianagaram','Vizianagaram',2,248.00,318,318),
('Visakhapatnam','Mandapeta','Visakhapatnam',1,0.00,0,0),
('Visakhapatnam','Mandapeta','Mandapeta',2,249.00,319,319),
('Mandapeta','Visakhapatnam','Mandapeta',1,0.00,0,0),
('Mandapeta','Visakhapatnam','Visakhapatnam',2,249.00,319,319),
('Tadepalligudem','Ongole','Tadepalligudem',1,0.00,0,0),
('Tadepalligudem','Ongole','Ongole',2,255.00,326,326),
('Ongole','Tadepalligudem','Ongole',1,0.00,0,0),
('Ongole','Tadepalligudem','Tadepalligudem',2,255.00,326,326),
('Mandapeta','Vijayawada','Mandapeta',1,0.00,0,0),
('Mandapeta','Vijayawada','Vijayawada',2,257.00,329,329),
('Vijayawada','Mandapeta','Vijayawada',1,0.00,0,0),
('Vijayawada','Mandapeta','Mandapeta',2,257.00,329,329),
('Kakinada','Eluru','Kakinada',1,0.00,0,0),
('Kakinada','Eluru','Eluru',2,263.00,336,336),
('Eluru','Kakinada','Eluru',1,0.00,0,0),
('Eluru','Kakinada','Kakinada',2,263.00,336,336),
('Tuni','Bhimavaram','Tuni',1,0.00,0,0),
('Tuni','Bhimavaram','Bhimavaram',2,266.00,340,340),
('Bhimavaram','Tuni','Bhimavaram',1,0.00,0,0),
('Bhimavaram','Tuni','Tuni',2,266.00,340,340),
('Visakhapatnam','Ravulapalem','Visakhapatnam',1,0.00,0,0),
('Visakhapatnam','Ravulapalem','Ravulapalem',2,266.00,340,340),
('Ravulapalem','Visakhapatnam','Ravulapalem',1,0.00,0,0),
('Ravulapalem','Visakhapatnam','Visakhapatnam',2,266.00,340,340),
('Rajahmundry','Vijayawada','Rajahmundry',1,0.00,0,0),
('Rajahmundry','Vijayawada','Vijayawada',2,273.00,348,348),
('Vijayawada','Rajahmundry','Vijayawada',1,0.00,0,0),
('Vijayawada','Rajahmundry','Rajahmundry',2,273.00,348,348),
('Ravulapalem','Guntur','Ravulapalem',1,0.00,0,0),
('Ravulapalem','Guntur','Guntur',2,275.00,350,350),
('Guntur','Ravulapalem','Guntur',1,0.00,0,0),
('Guntur','Ravulapalem','Ravulapalem',2,275.00,350,350),
('Samalkot','Eluru','Samalkot',1,0.00,0,0),
('Samalkot','Eluru','Eluru',2,278.00,354,354),
('Eluru','Samalkot','Eluru',1,0.00,0,0),
('Eluru','Samalkot','Samalkot',2,278.00,354,354),
('Srikakulam','Surampalem','Srikakulam',1,0.00,0,0),
('Srikakulam','Surampalem','Surampalem',2,280.00,356,356),
('Surampalem','Srikakulam','Surampalem',1,0.00,0,0),
('Surampalem','Srikakulam','Srikakulam',2,280.00,356,356),
('Vijayawada','Nellore','Vijayawada',1,0.00,0,0),
('Vijayawada','Nellore','Nellore',2,280.00,356,356),
('Nellore','Vijayawada','Nellore',1,0.00,0,0),
('Nellore','Vijayawada','Vijayawada',2,280.00,356,356),
('Bhimavaram','Ongole','Bhimavaram',1,0.00,0,0),
('Bhimavaram','Ongole','Ongole',2,290.00,368,368),
('Ongole','Bhimavaram','Ongole',1,0.00,0,0),
('Ongole','Bhimavaram','Bhimavaram',2,290.00,368,368),
('Mandapeta','Guntur','Mandapeta',1,0.00,0,0),
('Mandapeta','Guntur','Guntur',2,292.00,371,371),
('Guntur','Mandapeta','Guntur',1,0.00,0,0),
('Guntur','Mandapeta','Mandapeta',2,292.00,371,371),
('Vizianagaram','Rajahmundry','Vizianagaram',1,0.00,0,0),
('Vizianagaram','Rajahmundry','Rajahmundry',2,293.00,372,372),
('Rajahmundry','Vizianagaram','Rajahmundry',1,0.00,0,0),
('Rajahmundry','Vizianagaram','Vizianagaram',2,293.00,372,372),
('Surampalem','Eluru','Surampalem',1,0.00,0,0),
('Surampalem','Eluru','Eluru',2,296.00,376,376),
('Eluru','Surampalem','Eluru',1,0.00,0,0),
('Eluru','Surampalem','Surampalem',2,296.00,376,376),
('Srikakulam','Samalkot','Srikakulam',1,0.00,0,0),
('Srikakulam','Samalkot','Samalkot',2,298.00,378,378),
('Samalkot','Srikakulam','Samalkot',1,0.00,0,0),
('Samalkot','Srikakulam','Srikakulam',2,298.00,378,378),
('Tuni','Tadepalligudem','Tuni',1,0.00,0,0),
('Tuni','Tadepalligudem','Tadepalligudem',2,301.00,382,382),
('Tadepalligudem','Tuni','Tadepalligudem',1,0.00,0,0),
('Tadepalligudem','Tuni','Tuni',2,301.00,382,382),
('Nellore','Kadapa','Nellore',1,0.00,0,0),
('Nellore','Kadapa','Kadapa',2,305.00,386,386),
('Kadapa','Nellore','Kadapa',1,0.00,0,0),
('Kadapa','Nellore','Nellore',2,305.00,386,386),
('Ongole','Tirupati','Ongole',1,0.00,0,0),
('Ongole','Tirupati','Tirupati',2,305.00,386,386),
('Tirupati','Ongole','Tirupati',1,0.00,0,0),
('Tirupati','Ongole','Ongole',2,305.00,386,386),
('Rajahmundry','Guntur','Rajahmundry',1,0.00,0,0),
('Rajahmundry','Guntur','Guntur',2,308.00,390,390),
('Guntur','Rajahmundry','Guntur',1,0.00,0,0),
('Guntur','Rajahmundry','Rajahmundry',2,308.00,390,390),
('Vizianagaram','Mandapeta','Vizianagaram',1,0.00,0,0),
('Vizianagaram','Mandapeta','Mandapeta',2,309.00,391,391),
('Mandapeta','Vizianagaram','Mandapeta',1,0.00,0,0),
('Mandapeta','Vizianagaram','Vizianagaram',2,309.00,391,391),
('Srikakulam','Kakinada','Srikakulam',1,0.00,0,0),
('Srikakulam','Kakinada','Kakinada',2,313.00,396,396),
('Kakinada','Srikakulam','Kakinada',1,0.00,0,0),
('Kakinada','Srikakulam','Srikakulam',2,313.00,396,396),
('Kakinada','Vijayawada','Kakinada',1,0.00,0,0),
('Kakinada','Vijayawada','Vijayawada',2,318.00,402,402),
('Vijayawada','Kakinada','Vijayawada',1,0.00,0,0),
('Vijayawada','Kakinada','Kakinada',2,318.00,402,402),
('Vizianagaram','Ravulapalem','Vizianagaram',1,0.00,0,0),
('Vizianagaram','Ravulapalem','Ravulapalem',2,326.00,412,412),
('Ravulapalem','Vizianagaram','Ravulapalem',1,0.00,0,0),
('Ravulapalem','Vizianagaram','Vizianagaram',2,326.00,412,412),
('Anakapalle','Bhimavaram','Anakapalle',1,0.00,0,0),
('Anakapalle','Bhimavaram','Bhimavaram',2,331.00,418,418),
('Bhimavaram','Anakapalle','Bhimavaram',1,0.00,0,0),
('Bhimavaram','Anakapalle','Anakapalle',2,331.00,418,418),
('Samalkot','Vijayawada','Samalkot',1,0.00,0,0),
('Samalkot','Vijayawada','Vijayawada',2,333.00,420,420),
('Vijayawada','Samalkot','Vijayawada',1,0.00,0,0),
('Vijayawada','Samalkot','Samalkot',2,333.00,420,420),
('Eluru','Nellore','Eluru',1,0.00,0,0),
('Eluru','Nellore','Nellore',2,335.00,422,422),
('Nellore','Eluru','Nellore',1,0.00,0,0),
('Nellore','Eluru','Eluru',2,335.00,422,422),
('Guntur','Naidupeta','Guntur',1,0.00,0,0),
('Guntur','Naidupeta','Naidupeta',2,335.00,422,422),
('Naidupeta','Guntur','Naidupeta',1,0.00,0,0),
('Naidupeta','Guntur','Guntur',2,335.00,422,422),
('Tirupati','Kurnool','Tirupati',1,0.00,0,0),
('Tirupati','Kurnool','Kurnool',2,350.00,440,440),
('Kurnool','Tirupati','Kurnool',1,0.00,0,0),
('Kurnool','Tirupati','Tirupati',2,350.00,440,440),
('Surampalem','Vijayawada','Surampalem',1,0.00,0,0),
('Surampalem','Vijayawada','Vijayawada',2,351.00,442,442),
('Vijayawada','Surampalem','Vijayawada',1,0.00,0,0),
('Vijayawada','Surampalem','Surampalem',2,351.00,442,442),
('Kakinada','Guntur','Kakinada',1,0.00,0,0),
('Kakinada','Guntur','Guntur',2,353.00,444,444),
('Guntur','Kakinada','Guntur',1,0.00,0,0),
('Guntur','Kakinada','Kakinada',2,353.00,444,444),
('Tuni','Eluru','Tuni',1,0.00,0,0),
('Tuni','Eluru','Eluru',2,356.00,448,448),
('Eluru','Tuni','Eluru',1,0.00,0,0),
('Eluru','Tuni','Tuni',2,356.00,448,448),
('Srikakulam','Rajahmundry','Srikakulam',1,0.00,0,0),
('Srikakulam','Rajahmundry','Rajahmundry',2,358.00,450,450),
('Rajahmundry','Srikakulam','Rajahmundry',1,0.00,0,0),
('Rajahmundry','Srikakulam','Srikakulam',2,358.00,450,450),
('Visakhapatnam','Bhimavaram','Visakhapatnam',1,0.00,0,0),
('Visakhapatnam','Bhimavaram','Bhimavaram',2,361.00,454,454),
('Bhimavaram','Visakhapatnam','Bhimavaram',1,0.00,0,0),
('Bhimavaram','Visakhapatnam','Visakhapatnam',2,361.00,454,454),
('Anakapalle','Tadepalligudem','Anakapalle',1,0.00,0,0),
('Anakapalle','Tadepalligudem','Tadepalligudem',2,366.00,460,460),
('Tadepalligudem','Anakapalle','Tadepalligudem',1,0.00,0,0),
('Tadepalligudem','Anakapalle','Anakapalle',2,366.00,460,460),
('Samalkot','Guntur','Samalkot',1,0.00,0,0),
('Samalkot','Guntur','Guntur',2,368.00,462,462),
('Guntur','Samalkot','Guntur',1,0.00,0,0),
('Guntur','Samalkot','Samalkot',2,368.00,462,462),
('Kadapa','Anantapur','Kadapa',1,0.00,0,0),
('Kadapa','Anantapur','Anantapur',2,370.00,464,464),
('Anantapur','Kadapa','Anantapur',1,0.00,0,0),
('Anantapur','Kadapa','Kadapa',2,370.00,464,464),
('Vijayawada','Naidupeta','Vijayawada',1,0.00,0,0),
('Vijayawada','Naidupeta','Naidupeta',2,370.00,464,464),
('Naidupeta','Vijayawada','Naidupeta',1,0.00,0,0),
('Naidupeta','Vijayawada','Vijayawada',2,370.00,464,464),
('Srikakulam','Mandapeta','Srikakulam',1,0.00,0,0),
('Srikakulam','Mandapeta','Mandapeta',2,374.00,469,469),
('Mandapeta','Srikakulam','Mandapeta',1,0.00,0,0),
('Mandapeta','Srikakulam','Srikakulam',2,374.00,469,469),
('Ravulapalem','Ongole','Ravulapalem',1,0.00,0,0),
('Ravulapalem','Ongole','Ongole',2,385.00,482,482),
('Ongole','Ravulapalem','Ongole',1,0.00,0,0),
('Ongole','Ravulapalem','Ravulapalem',2,385.00,482,482),
('Surampalem','Guntur','Surampalem',1,0.00,0,0),
('Surampalem','Guntur','Guntur',2,386.00,484,484),
('Guntur','Surampalem','Guntur',1,0.00,0,0),
('Guntur','Surampalem','Surampalem',2,386.00,484,484),
('Tadepalligudem','Nellore','Tadepalligudem',1,0.00,0,0),
('Tadepalligudem','Nellore','Nellore',2,390.00,488,488),
('Nellore','Tadepalligudem','Nellore',1,0.00,0,0),
('Nellore','Tadepalligudem','Tadepalligudem',2,390.00,488,488),
('Srikakulam','Ravulapalem','Srikakulam',1,0.00,0,0),
('Srikakulam','Ravulapalem','Ravulapalem',2,391.00,490,490),
('Ravulapalem','Srikakulam','Ravulapalem',1,0.00,0,0),
('Ravulapalem','Srikakulam','Srikakulam',2,391.00,490,490),
('Visakhapatnam','Tadepalligudem','Visakhapatnam',1,0.00,0,0),
('Visakhapatnam','Tadepalligudem','Tadepalligudem',2,396.00,496,496),
('Tadepalligudem','Visakhapatnam','Tadepalligudem',1,0.00,0,0),
('Tadepalligudem','Visakhapatnam','Visakhapatnam',2,396.00,496,496),
('Mandapeta','Ongole','Mandapeta',1,0.00,0,0),
('Mandapeta','Ongole','Ongole',2,402.00,503,503),
('Ongole','Mandapeta','Ongole',1,0.00,0,0),
('Ongole','Mandapeta','Mandapeta',2,402.00,503,503),
('Tuni','Vijayawada','Tuni',1,0.00,0,0),
('Tuni','Vijayawada','Vijayawada',2,411.00,514,514),
('Vijayawada','Tuni','Vijayawada',1,0.00,0,0),
('Vijayawada','Tuni','Tuni',2,411.00,514,514),
('Guntur','Tirupati','Guntur',1,0.00,0,0),
('Guntur','Tirupati','Tirupati',2,415.00,518,518),
('Tirupati','Guntur','Tirupati',1,0.00,0,0),
('Tirupati','Guntur','Guntur',2,415.00,518,518),
('Rajahmundry','Ongole','Rajahmundry',1,0.00,0,0),
('Rajahmundry','Ongole','Ongole',2,418.00,522,522),
('Ongole','Rajahmundry','Ongole',1,0.00,0,0),
('Ongole','Rajahmundry','Rajahmundry',2,418.00,522,522),
('Anakapalle','Eluru','Anakapalle',1,0.00,0,0),
('Anakapalle','Eluru','Eluru',2,421.00,526,526),
('Eluru','Anakapalle','Eluru',1,0.00,0,0),
('Eluru','Anakapalle','Anakapalle',2,421.00,526,526),
('Vizianagaram','Bhimavaram','Vizianagaram',1,0.00,0,0),
('Vizianagaram','Bhimavaram','Bhimavaram',2,421.00,526,526),
('Bhimavaram','Vizianagaram','Bhimavaram',1,0.00,0,0),
('Bhimavaram','Vizianagaram','Vizianagaram',2,421.00,526,526),
('Bhimavaram','Nellore','Bhimavaram',1,0.00,0,0),
('Bhimavaram','Nellore','Nellore',2,425.00,530,530),
('Nellore','Bhimavaram','Nellore',1,0.00,0,0),
('Nellore','Bhimavaram','Bhimavaram',2,425.00,530,530),
('Eluru','Naidupeta','Eluru',1,0.00,0,0),
('Eluru','Naidupeta','Naidupeta',2,425.00,530,530),
('Naidupeta','Eluru','Naidupeta',1,0.00,0,0),
('Naidupeta','Eluru','Eluru',2,425.00,530,530),
('Naidupeta','Kurnool','Naidupeta',1,0.00,0,0),
('Naidupeta','Kurnool','Kurnool',2,430.00,536,536),
('Kurnool','Naidupeta','Kurnool',1,0.00,0,0),
('Kurnool','Naidupeta','Naidupeta',2,430.00,536,536),
('Ongole','Kadapa','Ongole',1,0.00,0,0),
('Ongole','Kadapa','Kadapa',2,440.00,548,548),
('Kadapa','Ongole','Kadapa',1,0.00,0,0),
('Kadapa','Ongole','Ongole',2,440.00,548,548),
('Tuni','Guntur','Tuni',1,0.00,0,0),
('Tuni','Guntur','Guntur',2,446.00,556,556),
('Guntur','Tuni','Guntur',1,0.00,0,0),
('Guntur','Tuni','Tuni',2,446.00,556,556),
('Vijayawada','Tirupati','Vijayawada',1,0.00,0,0),
('Vijayawada','Tirupati','Tirupati',2,450.00,560,560),
('Tirupati','Vijayawada','Tirupati',1,0.00,0,0),
('Tirupati','Vijayawada','Vijayawada',2,450.00,560,560),
('Visakhapatnam','Eluru','Visakhapatnam',1,0.00,0,0),
('Visakhapatnam','Eluru','Eluru',2,451.00,562,562),
('Eluru','Visakhapatnam','Eluru',1,0.00,0,0),
('Eluru','Visakhapatnam','Visakhapatnam',2,451.00,562,562),
('Vizianagaram','Tadepalligudem','Vizianagaram',1,0.00,0,0),
('Vizianagaram','Tadepalligudem','Tadepalligudem',2,456.00,568,568),
('Tadepalligudem','Vizianagaram','Tadepalligudem',1,0.00,0,0),
('Tadepalligudem','Vizianagaram','Vizianagaram',2,456.00,568,568),
('Kakinada','Ongole','Kakinada',1,0.00,0,0),
('Kakinada','Ongole','Ongole',2,463.00,576,576),
('Ongole','Kakinada','Ongole',1,0.00,0,0),
('Ongole','Kakinada','Kakinada',2,463.00,576,576),
('Anakapalle','Vijayawada','Anakapalle',1,0.00,0,0),
('Anakapalle','Vijayawada','Vijayawada',2,476.00,592,592),
('Vijayawada','Anakapalle','Vijayawada',1,0.00,0,0),
('Vijayawada','Anakapalle','Anakapalle',2,476.00,592,592),
('Samalkot','Ongole','Samalkot',1,0.00,0,0),
('Samalkot','Ongole','Ongole',2,478.00,594,594),
('Ongole','Samalkot','Ongole',1,0.00,0,0),
('Ongole','Samalkot','Samalkot',2,478.00,594,594),
('Tadepalligudem','Naidupeta','Tadepalligudem',1,0.00,0,0),
('Tadepalligudem','Naidupeta','Naidupeta',2,480.00,596,596),
('Naidupeta','Tadepalligudem','Naidupeta',1,0.00,0,0),
('Naidupeta','Tadepalligudem','Tadepalligudem',2,480.00,596,596),
('Srikakulam','Bhimavaram','Srikakulam',1,0.00,0,0),
('Srikakulam','Bhimavaram','Bhimavaram',2,486.00,604,604),
('Bhimavaram','Srikakulam','Bhimavaram',1,0.00,0,0),
('Bhimavaram','Srikakulam','Srikakulam',2,486.00,604,604),
('Surampalem','Ongole','Surampalem',1,0.00,0,0),
('Surampalem','Ongole','Ongole',2,496.00,616,616),
('Ongole','Surampalem','Ongole',1,0.00,0,0),
('Ongole','Surampalem','Surampalem',2,496.00,616,616),
('Eluru','Tirupati','Eluru',1,0.00,0,0),
('Eluru','Tirupati','Tirupati',2,505.00,626,626),
('Tirupati','Eluru','Tirupati',1,0.00,0,0),
('Tirupati','Eluru','Eluru',2,505.00,626,626),
('Tirupati','Anantapur','Tirupati',1,0.00,0,0),
('Tirupati','Anantapur','Anantapur',2,505.00,626,626),
('Anantapur','Tirupati','Anantapur',1,0.00,0,0),
('Anantapur','Tirupati','Tirupati',2,505.00,626,626);
INSERT INTO route_stops (route_id,city_id,stop_order,distance_from_start,arrival_offset,departure_offset) SELECT r.id,c.id,s.stop_order_value,s.distance_value,s.arrival_offset_value,s.departure_offset_value FROM seed_route_stops_live s JOIN cities src ON UPPER(TRIM(src.name))=UPPER(TRIM(s.source_city)) JOIN cities dst ON UPPER(TRIM(dst.name))=UPPER(TRIM(s.destination_city)) JOIN routes r ON r.source_city_id=src.id AND r.destination_city_id=dst.id JOIN cities c ON UPPER(TRIM(c.name))=UPPER(TRIM(s.stop_city)) WHERE NOT EXISTS (SELECT 1 FROM route_stops rs WHERE rs.route_id=r.id AND rs.stop_order=s.stop_order_value);
DROP TEMPORARY TABLE IF EXISTS seed_schedule_templates_live;
CREATE TEMPORARY TABLE seed_schedule_templates_live (source_city VARCHAR(100), destination_city VARCHAR(100), operator_name VARCHAR(100), bus_type_value VARCHAR(20), departure_time_value TIME, arrival_time_value TIME, PRIMARY KEY (source_city,destination_city,departure_time_value));
INSERT INTO seed_schedule_templates_live (source_city,destination_city,operator_name,bus_type_value,departure_time_value,arrival_time_value) VALUES
('Samalkot','Tirupati','AP Sleeper 01','SLEEPER','18:30:00','09:15:00'),
('Tirupati','Samalkot','AP Sleeper 08','SLEEPER','20:30:00','10:15:00'),
('Mandapeta','Ravulapalem','AP Non AC 02','NON_AC','06:19:00','07:14:00'),
('Ravulapalem','Mandapeta','AP Non AC 09','NON_AC','13:17:00','14:12:00'),
('Surampalem','Samalkot','AP Non AC 03','NON_AC','07:38:00','08:34:00'),
('Samalkot','Surampalem','AP Non AC 10','NON_AC','14:34:00','14:30:00'),
('Samalkot','Kakinada','AP Non AC 04','NON_AC','07:57:00','08:49:00'),
('Kakinada','Samalkot','AP Non AC 11','NON_AC','14:51:00','15:43:00'),
('Rajahmundry','Mandapeta','AP Non AC 05','NON_AC','07:16:00','08:09:00'),
('Mandapeta','Rajahmundry','AP Non AC 12','NON_AC','14:08:00','15:01:00'),
('Visakhapatnam','Anakapalle','AP Non AC 06','NON_AC','08:35:00','09:48:00'),
('Anakapalle','Visakhapatnam','AP Non AC 13','NON_AC','14:25:00','16:38:00'),
('Rajahmundry','Ravulapalem','AP Non AC 07','NON_AC','08:54:00','09:12:00'),
('Ravulapalem','Rajahmundry','AP Non AC 14','NON_AC','15:42:00','16:00:00'),
('Surampalem','Kakinada','AP Non AC 08','NON_AC','08:13:00','10:31:00'),
('Kakinada','Surampalem','AP Non AC 15','NON_AC','15:59:00','16:17:00'),
('Bhimavaram','Tadepalligudem','AP Non AC 09','NON_AC','09:32:00','10:52:00'),
('Tadepalligudem','Bhimavaram','AP Non AC 16','NON_AC','15:16:00','17:36:00'),
('Vijayawada','Guntur','AP Non AC 10','NON_AC','09:51:00','10:11:00'),
('Guntur','Vijayawada','AP Non AC 17','NON_AC','16:33:00','17:53:00'),
('Kakinada','Rajahmundry','AP Non AC 11','NON_AC','09:10:00','11:45:00'),
('Rajahmundry','Kakinada','AP Non AC 18','NON_AC','16:50:00','17:25:00'),
('Eluru','Vijayawada','AP Non AC 12','NON_AC','09:29:00','11:18:00'),
('Vijayawada','Eluru','AP Non AC 01','NON_AC','16:07:00','18:56:00'),
('Tadepalligudem','Eluru','AP Non AC 13','NON_AC','10:48:00','12:37:00'),
('Eluru','Tadepalligudem','AP Non AC 02','NON_AC','16:24:00','18:13:00'),
('Samalkot','Rajahmundry','AP Non AC 14','NON_AC','10:07:00','12:03:00'),
('Rajahmundry','Samalkot','AP Non AC 03','NON_AC','17:41:00','19:37:00'),
('Tuni','Surampalem','AP Non AC 15','NON_AC','10:26:00','12:22:00'),
('Surampalem','Tuni','AP Non AC 04','NON_AC','17:58:00','19:54:00'),
('Vizianagaram','Visakhapatnam','AP Non AC 16','NON_AC','11:45:00','13:41:00'),
('Visakhapatnam','Vizianagaram','AP Non AC 05','NON_AC','17:15:00','19:11:00'),
('Kakinada','Mandapeta','AP Non AC 17','NON_AC','11:04:00','13:02:00'),
('Mandapeta','Kakinada','AP Non AC 06','NON_AC','18:32:00','20:30:00'),
('Anakapalle','Tuni','AP Non AC 18','NON_AC','11:23:00','13:26:00'),
('Tuni','Anakapalle','AP Non AC 07','NON_AC','18:49:00','20:52:00'),
('Srikakulam','Vizianagaram','AP Non AC 01','NON_AC','12:42:00','14:45:00'),
('Vizianagaram','Srikakulam','AP Non AC 08','NON_AC','18:06:00','20:09:00'),
('Samalkot','Mandapeta','AP Non AC 02','NON_AC','12:01:00','14:20:00'),
('Mandapeta','Samalkot','AP Non AC 09','NON_AC','18:23:00','21:42:00'),
('Kakinada','Ravulapalem','AP Non AC 03','NON_AC','12:20:00','15:42:00'),
('Ravulapalem','Kakinada','AP Non AC 10','NON_AC','19:40:00','21:02:00'),
('Surampalem','Rajahmundry','AP Non AC 04','NON_AC','13:39:00','15:01:00'),
('Rajahmundry','Surampalem','AP Non AC 11','NON_AC','19:57:00','21:19:00'),
('Tuni','Samalkot','AP Non AC 05','NON_AC','13:58:00','15:20:00'),
('Samalkot','Tuni','AP Non AC 12','NON_AC','19:14:00','22:36:00'),
('Naidupeta','Tirupati','AP Non AC 06','NON_AC','06:17:00','09:42:00'),
('Tirupati','Naidupeta','AP Non AC 13','NON_AC','20:31:00','22:56:00'),
('Bhimavaram','Eluru','AP Non AC 07','NON_AC','07:36:00','09:15:00'),
('Eluru','Bhimavaram','AP Non AC 14','NON_AC','20:48:00','22:27:00'),
('Eluru','Guntur','AP Non AC 08','NON_AC','07:55:00','10:34:00'),
('Guntur','Eluru','AP Non AC 15','NON_AC','13:05:00','16:44:00'),
('Nellore','Naidupeta','AP Non AC 09','NON_AC','07:14:00','10:53:00'),
('Naidupeta','Nellore','AP Non AC 16','NON_AC','13:22:00','16:01:00'),
('Vizianagaram','Anakapalle','AP Non AC 10','NON_AC','08:33:00','10:12:00'),
('Anakapalle','Vizianagaram','AP Non AC 17','NON_AC','14:39:00','16:18:00'),
('Samalkot','Ravulapalem','AP Non AC 11','NON_AC','08:52:00','11:35:00'),
('Ravulapalem','Samalkot','AP Non AC 18','NON_AC','14:56:00','17:39:00'),
('Tuni','Kakinada','AP Non AC 12','NON_AC','08:11:00','11:54:00'),
('Kakinada','Tuni','AP Non AC 01','NON_AC','14:13:00','17:56:00'),
('Surampalem','Mandapeta','AP Non AC 13','NON_AC','08:30:00','11:15:00'),
('Mandapeta','Surampalem','AP Non AC 02','NON_AC','14:30:00','17:15:00'),
('Ravulapalem','Bhimavaram','AP Non AC 14','NON_AC','09:49:00','12:35:00'),
('Bhimavaram','Ravulapalem','AP Non AC 03','NON_AC','15:47:00','18:33:00'),
('Visakhapatnam','Tuni','AP Non AC 15','NON_AC','09:08:00','12:54:00'),
('Tuni','Visakhapatnam','AP Non AC 04','NON_AC','15:04:00','18:50:00'),
('Guntur','Ongole','AP Non AC 16','NON_AC','09:27:00','13:35:00'),
('Ongole','Guntur','AP Non AC 05','NON_AC','15:21:00','18:29:00'),
('Tadepalligudem','Vijayawada','AP Non AC 17','NON_AC','10:46:00','13:54:00'),
('Vijayawada','Tadepalligudem','AP Non AC 06','NON_AC','16:38:00','19:46:00'),
('Surampalem','Ravulapalem','AP Non AC 18','NON_AC','10:05:00','13:14:00'),
('Ravulapalem','Surampalem','AP Non AC 07','NON_AC','16:55:00','19:04:00'),
('Mandapeta','Bhimavaram','AP Non AC 01','NON_AC','10:24:00','14:34:00'),
('Bhimavaram','Mandapeta','AP Non AC 08','NON_AC','16:12:00','19:22:00'),
('Anakapalle','Surampalem','AP AC 02','AC','09:31:00','12:31:00'),
('Surampalem','Anakapalle','AP AC 09','AC','15:47:00','18:47:00'),
('Srikakulam','Visakhapatnam','AP AC 03','AC','09:44:00','12:44:00'),
('Visakhapatnam','Srikakulam','AP AC 10','AC','15:58:00','18:58:00'),
('Rajahmundry','Bhimavaram','AP AC 04','AC','09:57:00','12:01:00'),
('Bhimavaram','Rajahmundry','AP AC 11','AC','15:09:00','18:13:00'),
('Ravulapalem','Tadepalligudem','AP AC 05','AC','09:10:00','12:16:00'),
('Tadepalligudem','Ravulapalem','AP AC 12','AC','15:20:00','18:26:00'),
('Ongole','Nellore','AP AC 06','AC','09:23:00','13:35:00'),
('Nellore','Ongole','AP AC 13','AC','16:31:00','19:43:00'),
('Tirupati','Kadapa','AP AC 07','AC','10:36:00','13:48:00'),
('Kadapa','Tirupati','AP AC 14','AC','16:42:00','19:54:00'),
('Tuni','Rajahmundry','AP AC 08','AC','10:49:00','13:05:00'),
('Rajahmundry','Tuni','AP AC 15','AC','16:53:00','19:09:00'),
('Anakapalle','Samalkot','AP AC 09','AC','10:02:00','13:24:00'),
('Samalkot','Anakapalle','AP AC 16','AC','16:04:00','19:26:00'),
('Bhimavaram','Vijayawada','AP AC 10','AC','10:15:00','14:39:00'),
('Vijayawada','Bhimavaram','AP AC 17','AC','16:15:00','20:39:00'),
('Tadepalligudem','Guntur','AP AC 11','AC','10:28:00','14:52:00'),
('Guntur','Tadepalligudem','AP AC 18','AC','16:26:00','20:50:00'),
('Vijayawada','Ongole','AP AC 12','AC','11:41:00','14:05:00'),
('Ongole','Vijayawada','AP AC 01','AC','17:37:00','20:01:00'),
('Mandapeta','Tadepalligudem','AP AC 13','AC','11:54:00','14:21:00'),
('Tadepalligudem','Mandapeta','AP AC 02','AC','17:48:00','20:15:00'),
('Tuni','Mandapeta','AP AC 14','AC','11:07:00','15:42:00'),
('Mandapeta','Tuni','AP AC 03','AC','17:59:00','21:34:00'),
('Kurnool','Anantapur','AP AC 15','AC','11:20:00','15:56:00'),
('Anantapur','Kurnool','AP AC 04','AC','17:10:00','21:46:00'),
('Srikakulam','Anakapalle','AP AC 16','AC','12:33:00','15:09:00'),
('Anakapalle','Srikakulam','AP AC 05','AC','17:21:00','21:57:00'),
('Visakhapatnam','Surampalem','AP AC 17','AC','12:46:00','15:22:00'),
('Surampalem','Visakhapatnam','AP AC 06','AC','18:32:00','21:08:00'),
('Vizianagaram','Tuni','AP AC 18','AC','12:59:00','16:35:00'),
('Tuni','Vizianagaram','AP AC 07','AC','18:43:00','21:19:00'),
('Anakapalle','Kakinada','AP AC 01','AC','12:12:00','16:52:00'),
('Kakinada','Anakapalle','AP AC 08','AC','18:54:00','22:34:00'),
('Rajahmundry','Tadepalligudem','AP AC 02','AC','12:25:00','16:11:00'),
('Tadepalligudem','Rajahmundry','AP AC 09','AC','18:05:00','22:51:00'),
('Nellore','Tirupati','AP AC 03','AC','07:38:00','11:32:00'),
('Tirupati','Nellore','AP AC 10','AC','18:16:00','22:10:00'),
('Tuni','Ravulapalem','AP AC 04','AC','07:51:00','11:47:00'),
('Ravulapalem','Tuni','AP AC 11','AC','18:27:00','22:23:00'),
('Kakinada','Bhimavaram','AP AC 05','AC','07:04:00','11:02:00'),
('Bhimavaram','Kakinada','AP AC 12','AC','19:38:00','23:36:00'),
('Visakhapatnam','Samalkot','AP AC 06','AC','07:17:00','11:15:00'),
('Samalkot','Visakhapatnam','AP AC 13','AC','19:49:00','23:47:00'),
('Bhimavaram','Guntur','AP AC 07','AC','08:30:00','12:36:00'),
('Guntur','Bhimavaram','AP AC 14','AC','19:00:00','23:06:00'),
('Ravulapalem','Eluru','AP AC 08','AC','08:43:00','12:55:00'),
('Eluru','Ravulapalem','AP AC 15','AC','19:11:00','23:23:00'),
('Samalkot','Bhimavaram','AP AC 09','AC','08:56:00','12:12:00'),
('Bhimavaram','Samalkot','AP AC 16','AC','19:22:00','24:38:00'),
('Visakhapatnam','Kakinada','AP AC 10','AC','08:09:00','12:25:00'),
('Kakinada','Visakhapatnam','AP AC 17','AC','20:33:00','24:49:00'),
('Eluru','Ongole','AP AC 11','AC','08:22:00','13:52:00'),
('Ongole','Eluru','AP AC 18','AC','20:44:00','00:14:00'),
('Mandapeta','Eluru','AP AC 12','AC','09:35:00','13:08:00'),
('Eluru','Mandapeta','AP AC 01','AC','20:55:00','00:28:00'),
('Anakapalle','Rajahmundry','AP AC 13','AC','09:48:00','13:22:00'),
('Rajahmundry','Anakapalle','AP AC 02','AC','14:06:00','19:40:00'),
('Surampalem','Bhimavaram','AP AC 14','AC','09:01:00','14:39:00'),
('Bhimavaram','Surampalem','AP AC 03','AC','14:17:00','19:55:00'),
('Kakinada','Tadepalligudem','AP AC 15','AC','09:14:00','14:54:00'),
('Tadepalligudem','Kakinada','AP AC 04','AC','14:28:00','19:08:00'),
('Kadapa','Kurnool','AP AC 16','AC','09:27:00','14:15:00'),
('Kurnool','Kadapa','AP AC 05','AC','15:39:00','19:27:00'),
('Naidupeta','Kadapa','AP AC 17','AC','10:40:00','14:28:00'),
('Kadapa','Naidupeta','AP AC 06','AC','15:50:00','20:38:00'),
('Vizianagaram','Surampalem','AP AC 18','AC','10:53:00','15:41:00'),
('Surampalem','Vizianagaram','AP AC 07','AC','15:01:00','20:49:00'),
('Rajahmundry','Eluru','AP AC 01','AC','10:06:00','15:58:00'),
('Eluru','Rajahmundry','AP AC 08','AC','15:12:00','20:04:00'),
('Anakapalle','Mandapeta','AP AC 02','AC','10:19:00','15:12:00'),
('Mandapeta','Anakapalle','AP AC 09','AC','15:23:00','20:16:00'),
('Srikakulam','Tuni','AP AC 03','AC','11:32:00','15:26:00'),
('Tuni','Srikakulam','AP AC 10','AC','16:34:00','20:28:00'),
('Samalkot','Tadepalligudem','AP AC 04','AC','11:45:00','16:43:00'),
('Tadepalligudem','Samalkot','AP AC 11','AC','16:45:00','21:43:00'),
('Ongole','Naidupeta','AP AC 05','AC','11:58:00','16:58:00'),
('Naidupeta','Ongole','AP AC 12','AC','16:56:00','21:56:00'),
('Visakhapatnam','Rajahmundry','AP AC 06','AC','11:11:00','16:21:00'),
('Rajahmundry','Visakhapatnam','AP AC 13','AC','16:07:00','21:17:00'),
('Vizianagaram','Samalkot','AP AC 07','AC','11:24:00','17:34:00'),
('Samalkot','Vizianagaram','AP AC 14','AC','16:18:00','21:28:00'),
('Anakapalle','Ravulapalem','AP AC 08','AC','12:37:00','17:51:00'),
('Ravulapalem','Anakapalle','AP AC 15','AC','16:29:00','22:43:00'),
('Ravulapalem','Vijayawada','AP AC 09','AC','12:50:00','17:08:00'),
('Vijayawada','Ravulapalem','AP AC 16','AC','17:40:00','22:58:00'),
('Surampalem','Tadepalligudem','AP AC 10','AC','12:03:00','17:23:00'),
('Tadepalligudem','Surampalem','AP AC 17','AC','17:51:00','22:11:00'),
('Guntur','Nellore','AP AC 11','AC','12:16:00','18:40:00'),
('Nellore','Guntur','AP AC 18','AC','17:02:00','22:26:00'),
('Vizianagaram','Kakinada','AP AC 12','AC','12:29:00','18:57:00'),
('Kakinada','Vizianagaram','AP AC 01','AC','17:13:00','23:41:00'),
('Visakhapatnam','Mandapeta','AP AC 13','AC','07:42:00','12:11:00'),
('Mandapeta','Visakhapatnam','AP AC 02','AC','17:24:00','23:53:00'),
('Tadepalligudem','Ongole','AP AC 14','AC','07:55:00','13:31:00'),
('Ongole','Tadepalligudem','AP AC 03','AC','18:35:00','23:11:00'),
('Mandapeta','Vijayawada','AP AC 15','AC','07:08:00','13:47:00'),
('Vijayawada','Mandapeta','AP AC 04','AC','18:46:00','23:25:00'),
('Kakinada','Eluru','AP AC 16','AC','07:21:00','13:07:00'),
('Eluru','Kakinada','AP AC 05','AC','18:57:00','24:43:00'),
('Tuni','Bhimavaram','AP AC 17','AC','08:34:00','13:24:00'),
('Bhimavaram','Tuni','AP AC 06','AC','18:08:00','24:58:00'),
('Visakhapatnam','Ravulapalem','AP AC 18','AC','08:47:00','14:37:00'),
('Ravulapalem','Visakhapatnam','AP AC 07','AC','18:19:00','00:09:00'),
('Rajahmundry','Vijayawada','AP AC 01','AC','08:00:00','14:58:00'),
('Vijayawada','Rajahmundry','AP AC 08','AC','18:30:00','00:28:00'),
('Ravulapalem','Guntur','AP AC 02','AC','08:13:00','14:13:00'),
('Guntur','Ravulapalem','AP AC 09','AC','19:41:00','01:41:00'),
('Samalkot','Eluru','AP AC 03','AC','08:26:00','14:30:00'),
('Eluru','Samalkot','AP AC 10','AC','19:52:00','01:56:00'),
('Srikakulam','Surampalem','AP AC 04','AC','09:39:00','15:45:00'),
('Surampalem','Srikakulam','AP AC 11','AC','19:03:00','01:09:00'),
('Vijayawada','Nellore','AP AC 05','AC','09:52:00','15:58:00'),
('Nellore','Vijayawada','AP AC 12','AC','19:14:00','01:20:00'),
('Bhimavaram','Ongole','AP AC 06','AC','09:05:00','15:23:00'),
('Ongole','Bhimavaram','AP AC 13','AC','19:25:00','02:43:00'),
('Mandapeta','Guntur','AP AC 07','AC','09:18:00','16:39:00'),
('Guntur','Mandapeta','AP AC 14','AC','20:36:00','02:57:00'),
('Vizianagaram','Rajahmundry','AP AC 08','AC','10:31:00','16:53:00'),
('Rajahmundry','Vizianagaram','AP AC 15','AC','20:47:00','02:09:00'),
('Surampalem','Eluru','AP AC 09','AC','10:44:00','16:10:00'),
('Eluru','Surampalem','AP AC 16','AC','20:58:00','02:24:00'),
('Srikakulam','Samalkot','AP AC 10','AC','10:57:00','16:25:00'),
('Samalkot','Srikakulam','AP AC 17','AC','14:09:00','21:37:00'),
('Tuni','Tadepalligudem','AP AC 11','AC','10:10:00','17:42:00'),
('Tadepalligudem','Tuni','AP AC 18','AC','14:20:00','21:52:00'),
('Nellore','Kadapa','AP AC 12','AC','10:23:00','17:59:00'),
('Kadapa','Nellore','AP AC 01','AC','15:31:00','21:07:00'),
('Ongole','Tirupati','AP AC 13','AC','11:36:00','17:12:00'),
('Tirupati','Ongole','AP AC 02','AC','15:42:00','21:18:00'),
('Rajahmundry','Guntur','AP AC 14','AC','11:49:00','17:29:00'),
('Guntur','Rajahmundry','AP AC 03','AC','15:53:00','22:33:00'),
('Vizianagaram','Mandapeta','AP AC 15','AC','11:02:00','18:43:00'),
('Mandapeta','Vizianagaram','AP AC 04','AC','15:04:00','22:45:00'),
('Srikakulam','Kakinada','AP AC 16','AC','11:15:00','18:01:00'),
('Kakinada','Srikakulam','AP AC 05','AC','15:15:00','22:01:00'),
('Kakinada','Vijayawada','AP AC 17','AC','11:28:00','18:20:00'),
('Vijayawada','Kakinada','AP AC 06','AC','15:26:00','22:18:00'),
('Vizianagaram','Ravulapalem','AP AC 18','AC','12:41:00','19:43:00'),
('Ravulapalem','Vizianagaram','AP AC 07','AC','16:37:00','23:39:00'),
('Anakapalle','Bhimavaram','AP AC 01','AC','12:54:00','19:02:00'),
('Bhimavaram','Anakapalle','AP AC 08','AC','16:48:00','23:56:00'),
('Samalkot','Vijayawada','AP AC 02','AC','12:07:00','19:17:00'),
('Vijayawada','Samalkot','AP AC 09','AC','16:59:00','23:09:00'),
('Eluru','Nellore','AP AC 03','AC','12:20:00','20:32:00'),
('Nellore','Eluru','AP AC 10','AC','16:10:00','23:22:00'),
('Guntur','Naidupeta','AP AC 04','AC','07:33:00','14:45:00'),
('Naidupeta','Guntur','AP AC 11','AC','16:21:00','24:33:00'),
('Tirupati','Kurnool','AP AC 05','AC','07:46:00','14:16:00'),
('Kurnool','Tirupati','AP AC 12','AC','17:32:00','00:02:00'),
('Surampalem','Vijayawada','AP Sleeper 06','SLEEPER','20:41:00','03:34:00'),
('Vijayawada','Surampalem','AP Sleeper 13','SLEEPER','20:55:00','03:48:00'),
('Kakinada','Guntur','AP Sleeper 07','SLEEPER','20:48:00','03:44:00'),
('Guntur','Kakinada','AP Sleeper 14','SLEEPER','20:00:00','03:56:00'),
('Tuni','Eluru','AP Sleeper 08','SLEEPER','20:55:00','03:54:00'),
('Eluru','Tuni','AP Sleeper 15','SLEEPER','20:05:00','03:04:00'),
('Srikakulam','Rajahmundry','AP Sleeper 09','SLEEPER','20:02:00','03:03:00'),
('Rajahmundry','Srikakulam','AP Sleeper 16','SLEEPER','20:10:00','03:11:00'),
('Visakhapatnam','Bhimavaram','AP Sleeper 10','SLEEPER','20:09:00','03:13:00'),
('Bhimavaram','Visakhapatnam','AP Sleeper 17','SLEEPER','20:15:00','03:19:00'),
('Anakapalle','Tadepalligudem','AP Sleeper 11','SLEEPER','20:16:00','03:26:00'),
('Tadepalligudem','Anakapalle','AP Sleeper 18','SLEEPER','20:20:00','04:30:00'),
('Samalkot','Guntur','AP Sleeper 12','SLEEPER','20:23:00','04:35:00'),
('Guntur','Samalkot','AP Sleeper 01','SLEEPER','20:25:00','04:37:00'),
('Kadapa','Anantapur','AP Sleeper 13','SLEEPER','20:30:00','04:44:00'),
('Anantapur','Kadapa','AP Sleeper 02','SLEEPER','20:30:00','04:44:00'),
('Vijayawada','Naidupeta','AP Sleeper 14','SLEEPER','21:37:00','04:51:00'),
('Naidupeta','Vijayawada','AP Sleeper 03','SLEEPER','21:35:00','04:49:00'),
('Srikakulam','Mandapeta','AP Sleeper 15','SLEEPER','21:44:00','04:02:00'),
('Mandapeta','Srikakulam','AP Sleeper 04','SLEEPER','21:40:00','04:58:00'),
('Ravulapalem','Ongole','AP Sleeper 16','SLEEPER','21:51:00','04:21:00'),
('Ongole','Ravulapalem','AP Sleeper 05','SLEEPER','21:45:00','04:15:00'),
('Surampalem','Guntur','AP Sleeper 17','SLEEPER','21:58:00','04:30:00'),
('Guntur','Surampalem','AP Sleeper 06','SLEEPER','21:50:00','04:22:00'),
('Tadepalligudem','Nellore','AP Sleeper 18','SLEEPER','21:05:00','05:41:00'),
('Nellore','Tadepalligudem','AP Sleeper 07','SLEEPER','21:55:00','05:31:00'),
('Srikakulam','Ravulapalem','AP Sleeper 01','SLEEPER','21:12:00','05:49:00'),
('Ravulapalem','Srikakulam','AP Sleeper 08','SLEEPER','21:00:00','05:37:00'),
('Visakhapatnam','Tadepalligudem','AP Sleeper 02','SLEEPER','21:19:00','05:01:00'),
('Tadepalligudem','Visakhapatnam','AP Sleeper 09','SLEEPER','21:05:00','05:47:00'),
('Mandapeta','Ongole','AP Sleeper 03','SLEEPER','21:26:00','05:15:00'),
('Ongole','Mandapeta','AP Sleeper 10','SLEEPER','21:10:00','05:59:00'),
('Tuni','Vijayawada','AP Sleeper 04','SLEEPER','19:33:00','03:32:00'),
('Vijayawada','Tuni','AP Sleeper 11','SLEEPER','21:15:00','05:14:00'),
('Guntur','Tirupati','AP Sleeper 05','SLEEPER','19:40:00','03:43:00'),
('Tirupati','Guntur','AP Sleeper 12','SLEEPER','21:20:00','05:23:00'),
('Rajahmundry','Ongole','AP Sleeper 06','SLEEPER','19:47:00','03:53:00'),
('Ongole','Rajahmundry','AP Sleeper 13','SLEEPER','21:25:00','06:31:00'),
('Anakapalle','Eluru','AP Sleeper 07','SLEEPER','19:54:00','03:04:00'),
('Eluru','Anakapalle','AP Sleeper 14','SLEEPER','22:30:00','06:40:00'),
('Vizianagaram','Bhimavaram','AP Sleeper 08','SLEEPER','19:01:00','03:11:00'),
('Bhimavaram','Vizianagaram','AP Sleeper 15','SLEEPER','22:35:00','06:45:00'),
('Bhimavaram','Nellore','AP Sleeper 09','SLEEPER','19:08:00','03:22:00'),
('Nellore','Bhimavaram','AP Sleeper 16','SLEEPER','22:40:00','06:54:00'),
('Eluru','Naidupeta','AP Sleeper 10','SLEEPER','19:15:00','03:29:00'),
('Naidupeta','Eluru','AP Sleeper 17','SLEEPER','22:45:00','06:59:00'),
('Naidupeta','Kurnool','AP Sleeper 11','SLEEPER','19:22:00','04:42:00'),
('Kurnool','Naidupeta','AP Sleeper 18','SLEEPER','22:50:00','06:10:00'),
('Ongole','Kadapa','AP Sleeper 12','SLEEPER','19:29:00','04:59:00'),
('Kadapa','Ongole','AP Sleeper 01','SLEEPER','22:55:00','06:25:00'),
('Tuni','Guntur','AP Sleeper 13','SLEEPER','20:36:00','04:13:00'),
('Guntur','Tuni','AP Sleeper 02','SLEEPER','22:00:00','07:37:00'),
('Vijayawada','Tirupati','AP Sleeper 14','SLEEPER','20:43:00','04:24:00'),
('Tirupati','Vijayawada','AP Sleeper 03','SLEEPER','22:05:00','07:46:00'),
('Visakhapatnam','Eluru','AP Sleeper 15','SLEEPER','20:50:00','05:32:00'),
('Eluru','Visakhapatnam','AP Sleeper 04','SLEEPER','22:10:00','07:52:00'),
('Vizianagaram','Tadepalligudem','AP Sleeper 16','SLEEPER','20:57:00','05:45:00'),
('Tadepalligudem','Vizianagaram','AP Sleeper 05','SLEEPER','22:15:00','07:03:00'),
('Kakinada','Ongole','AP Sleeper 17','SLEEPER','20:04:00','05:00:00'),
('Ongole','Kakinada','AP Sleeper 06','SLEEPER','22:20:00','07:16:00'),
('Anakapalle','Vijayawada','AP Sleeper 18','SLEEPER','20:11:00','05:21:00'),
('Vijayawada','Anakapalle','AP Sleeper 07','SLEEPER','22:25:00','08:35:00'),
('Samalkot','Ongole','AP Sleeper 01','SLEEPER','20:18:00','06:30:00'),
('Ongole','Samalkot','AP Sleeper 08','SLEEPER','20:30:00','05:42:00'),
('Tadepalligudem','Naidupeta','AP Sleeper 02','SLEEPER','20:25:00','06:39:00'),
('Naidupeta','Tadepalligudem','AP Sleeper 09','SLEEPER','20:35:00','05:49:00'),
('Srikakulam','Bhimavaram','AP Sleeper 03','SLEEPER','21:32:00','06:53:00'),
('Bhimavaram','Srikakulam','AP Sleeper 10','SLEEPER','20:40:00','05:01:00'),
('Surampalem','Ongole','AP Sleeper 04','SLEEPER','21:39:00','06:11:00'),
('Ongole','Surampalem','AP Sleeper 11','SLEEPER','20:45:00','05:17:00'),
('Eluru','Tirupati','AP Sleeper 05','SLEEPER','21:46:00','06:27:00'),
('Tirupati','Eluru','AP Sleeper 12','SLEEPER','20:50:00','06:31:00'),
('Tirupati','Anantapur','AP Sleeper 06','SLEEPER','21:53:00','07:34:00'),
('Anantapur','Tirupati','AP Sleeper 13','SLEEPER','20:55:00','06:36:00');
DROP TEMPORARY TABLE IF EXISTS seed_dates_live;
CREATE TEMPORARY TABLE seed_dates_live (service_date DATE PRIMARY KEY);
INSERT INTO seed_dates_live (service_date) SELECT DATE('2026-04-05') + INTERVAL n DAY FROM (SELECT ones.n + tens.n*10 AS n FROM (SELECT 0 n UNION ALL SELECT 1 UNION ALL SELECT 2 UNION ALL SELECT 3 UNION ALL SELECT 4 UNION ALL SELECT 5 UNION ALL SELECT 6 UNION ALL SELECT 7 UNION ALL SELECT 8 UNION ALL SELECT 9) ones CROSS JOIN (SELECT 0 n UNION ALL SELECT 1 UNION ALL SELECT 2 UNION ALL SELECT 3 UNION ALL SELECT 4 UNION ALL SELECT 5) tens) nums WHERE n <= DATEDIFF('2026-05-31','2026-04-05');
INSERT INTO schedules (route_id,bus_id,departure_time,arrival_time,status) SELECT r.id,b.id,TIMESTAMP(d.service_date,t.departure_time_value), CASE WHEN t.arrival_time_value > t.departure_time_value THEN TIMESTAMP(d.service_date,t.arrival_time_value) ELSE TIMESTAMP(DATE_ADD(d.service_date, INTERVAL 1 DAY), t.arrival_time_value) END,'ACTIVE' FROM seed_dates_live d JOIN seed_schedule_templates_live t JOIN cities src ON UPPER(TRIM(src.name))=UPPER(TRIM(t.source_city)) JOIN cities dst ON UPPER(TRIM(dst.name))=UPPER(TRIM(t.destination_city)) JOIN routes r ON r.source_city_id=src.id AND r.destination_city_id=dst.id JOIN buses b ON UPPER(TRIM(b.operator))=UPPER(TRIM(t.operator_name)) AND b.bus_type=t.bus_type_value WHERE NOT EXISTS (SELECT 1 FROM schedules s WHERE s.route_id=r.id AND s.bus_id=b.id AND s.departure_time=TIMESTAMP(d.service_date,t.departure_time_value));
CREATE TABLE IF NOT EXISTS app_seed_runs (seed_key VARCHAR(120) PRIMARY KEY, script_name VARCHAR(255) NOT NULL, status VARCHAR(20) NOT NULL, details TEXT NULL, created_at TIMESTAMP NOT NULL DEFAULT CURRENT_TIMESTAMP, updated_at TIMESTAMP NOT NULL DEFAULT CURRENT_TIMESTAMP ON UPDATE CURRENT_TIMESTAMP, completed_at TIMESTAMP NULL DEFAULT NULL);
INSERT INTO app_seed_runs (seed_key,script_name,status,details,completed_at) VALUES ('busyatra_seed_apr_to_may_2026_routes_300_v1','busyatra_live_ap_routes_300_compat.sql','SUCCESS','Manual compat import for live schema',CURRENT_TIMESTAMP) ON DUPLICATE KEY UPDATE script_name=VALUES(script_name), status=VALUES(status), details=VALUES(details), completed_at=VALUES(completed_at);
COMMIT;
SELECT COUNT(*) AS routes_after_import FROM routes;
SELECT COUNT(*) AS schedules_on_apr5 FROM schedules WHERE DATE(departure_time)='2026-04-05';
